compile_time_s,epoch_time_s_mean,grad_nonfinite_steps,grad_norm_max,loss_nonfinite_steps,model,mse_test,mse_train,mse_val,param_mismatch,param_mismatch_ratio,params_analytic,params_empirical,samples_per_sec,step_time_ms_mean,test_mae,test_mse,test_r2,test_rmse,test_smape,train_mae,train_mse,train_r2,train_rmse,train_smape,train_time_s,val_mae,val_mse,val_r2,val_rmse,val_smape
None,0.2264772285008803,0,2.374327502909401,0,geo_sparse,0.1625026911497116,0.14833636581897736,0.151015505194664,,,4677,5701,16271.829861750955,4.294597899472272,0.3189481198787689,0.1625026911497116,0.4394584298934642,0.4031162253615099,1.1314631700515747,0.3060583472251892,0.14833636581897736,0.47551424316506763,0.38514460377756476,1.0864945650100708,2.265264589979779,0.3062538206577301,0.151015505194664,0.4860864671576629,0.3886071347706627,1.0576550960540771
None,0.10131843230337836,0,1.085927458935681,0,dense_resrelu,0.16893823444843292,0.14099876582622528,0.15915505588054657,108,0.018944044904402737,5593,5593,36367.43466434301,2.976668463812934,0.33334383368492126,0.16893823444843292,0.4172594772507021,0.41102096594752063,1.135897159576416,0.3031758666038513,0.14099876582622528,0.5014584264731747,0.3754980237314509,1.0611354112625122,1.013544132001698,0.3148874342441559,0.15915505588054657,0.45838715952716036,0.39894242176101874,1.0724070072174072
None,0.14838425780180842,0,1.070218719747787,0,dense_respsann,0.2382270246744156,0.2207576334476471,0.22980451583862305,156,0.02736362041747062,5857,5857,24834.82531815796,4.394299251061899,0.3890104293823242,0.2382270246744156,0.17825268302922914,0.48808505885185177,1.3165054321289062,0.3764893412590027,0.2207576334476471,0.2194480438349954,0.4698485218106439,1.2851213216781616,1.4842061310191639,0.38824835419654846,0.22980451583862305,0.21796340933338598,0.4793793026806884,1.287730097770691
