compile_time_s,epoch_time_s_mean,grad_nonfinite_steps,grad_norm_max,loss_nonfinite_steps,model,mse_test,mse_train,mse_val,param_mismatch,param_mismatch_ratio,params_analytic,params_empirical,samples_per_sec,step_time_ms_mean,test_mae,test_mse,test_r2,test_rmse,test_smape,train_mae,train_mse,train_r2,train_rmse,train_smape,train_time_s,val_mae,val_mse,val_r2,val_rmse,val_smape
None,0.4108212415885646,0,2.8953237429857763,0,geo_sparse,0.11144386231899261,0.09958282113075256,0.11285670101642609,,,5193,6089,8969.886772826958,13.13625356886122,0.2607308030128479,0.11144386231899261,0.6023734974041915,0.33383208701230715,0.9243659973144531,0.2514593005180359,0.09958282113075256,0.6442539721862668,0.31556745892241894,0.9244606494903564,4.109304937010165,0.26366183161735535,0.11285670101642609,0.5688687596629041,0.3359415142795336,1.0063506364822388
None,0.16320285908295773,0,1.1202990366535333,0,dense_resrelu,0.2120472490787506,0.1824340969324112,0.19666975736618042,74,0.012153062900312038,6163,6163,22577.033679582135,5.087879145586932,0.3649712800979614,0.2120472490787506,0.24342530596342649,0.4604858836910754,1.2345752716064453,0.341962605714798,0.1824340969324112,0.34827911265509603,0.4271230465947854,1.18929123878479,1.6326325469999574,0.35339614748954773,0.19666975736618042,0.24868907238893756,0.4434746411759983,1.2564265727996826
None,0.27419670060044155,0,1.4587058328317657,0,dense_respsann,0.23730090260505676,0.2141234129667282,0.2153472900390625,160,0.026276892757431433,5929,5929,13439.40004862422,15.71549528616446,0.3847805857658386,0.23730090260505676,0.15332144810637416,0.48713540479527534,1.283631443977356,0.36917832493782043,0.2141234129667282,0.23507335683146469,0.4627347112187805,1.2691208124160767,2.742681955045555,0.3712393343448639,0.2153472900390625,0.1773377874364067,0.4640552661473227,1.3453739881515503
