compile_time_s,epoch_time_s_mean,grad_nonfinite_steps,grad_norm_max,loss_nonfinite_steps,model,mse_test,mse_train,mse_val,param_mismatch,param_mismatch_ratio,params_analytic,params_empirical,samples_per_sec,step_time_ms_mean,test_mae,test_mse,test_r2,test_rmse,test_smape,train_mae,train_mse,train_r2,train_rmse,train_smape,train_time_s,val_mae,val_mse,val_r2,val_rmse,val_smape
None,0.28812768239877184,0,2.7342686053212915,0,geo_sparse,0.10333698987960815,0.10448996722698212,0.10479015856981277,,,1173,1429,12790.602519682101,4.869639096436678,0.25534480810165405,0.10333698987960815,0.6130383475953769,0.3214607128089032,0.9290285706520081,0.25708574056625366,0.10448996722698212,0.6332122002624938,0.3232490792360933,0.937589168548584,2.881803256983403,0.2566290497779846,0.10479015856981277,0.6058025024248086,0.32371308062822046,0.9424949288368225
None,0.2667493994056713,0,1.8252256290733913,0,dense_resrelu,0.11922071874141693,0.11633402109146118,0.11092491447925568,88,0.0615815255423373,1517,1517,13815.479878231108,9.160967085096571,0.2824080288410187,0.11922071874141693,0.5535592203837818,0.3452835338405481,0.9778372049331665,0.27600523829460144,0.11633402109146118,0.5916364124615937,0.3410777346756325,0.9634619355201721,2.6680216919630766,0.26938197016716003,0.11092491447925568,0.5827249261917402,0.33305392127890593,0.9394485354423523
None,0.2583146830031183,0,1.524917851690835,0,dense_respsann,0.20099514722824097,0.21747219562530518,0.20000383257865906,6,0.004198740377886634,1435,1435,14266.633076182035,11.438878854115805,0.3553899824619293,0.20099514722824097,0.24734197902063404,0.44832482334602103,1.2384059429168701,0.3711740970611572,0.21747219562530518,0.23661427254475942,0.46633914228306544,1.2718068361282349,2.583650942950044,0.3543005883693695,0.20000383257865906,0.24762965165637385,0.4472178804326355,1.223052740097046
