compile_time_s,epoch_time_s_mean,grad_nonfinite_steps,grad_norm_max,loss_nonfinite_steps,model,mse_test,mse_train,mse_val,param_mismatch,param_mismatch_ratio,params_analytic,params_empirical,samples_per_sec,step_time_ms_mean,test_mae,test_mse,test_r2,test_rmse,test_smape,train_mae,train_mse,train_r2,train_rmse,train_smape,train_time_s,val_mae,val_mse,val_r2,val_rmse,val_smape
None,0.3394957847951446,0,2.4496969968274183,0,geo_sparse,0.061433155089616776,0.0572693757712841,0.06591452658176422,,,1305,1817,10854.734189899002,7.6990293396843805,0.19547802209854126,0.061433155089616776,0.7823283308437217,0.24785712636439722,0.7222864627838135,0.1885993480682373,0.0572693757712841,0.7984076022694406,0.2393102082471287,0.7188008427619934,3.3957533510401845,0.19564659893512726,0.06591452658176422,0.7976820060319316,0.2567382452650252,0.7061856985092163
None,0.228728199301986,0,1.9278351397233717,0,dense_resrelu,0.12083129584789276,0.12080474942922592,0.13672640919685364,134,0.07374793615850303,1683,1683,16110.82513357402,8.019528300673873,0.28294628858566284,0.12083129584789276,0.571867181245062,0.3476079628660609,0.9517979621887207,0.2824036478996277,0.12080474942922592,0.5747584356485298,0.3475697763460251,0.9622724056243896,2.2879026799928397,0.300365686416626,0.13672640919685364,0.580332074948384,0.36976534342316836,0.9575927257537842
None,0.2555670892994385,0,1.6466314378458506,0,dense_respsann,0.21639905869960785,0.21753168106079102,0.2427624613046646,82,0.045129334067143645,1899,1899,14419.313263286296,11.918587225454825,0.37613576650619507,0.21639905869960785,0.23324881747848847,0.46518712224180053,1.2726994752883911,0.3739945590496063,0.21753168106079102,0.23427256859259493,0.4664029170800618,1.257460117340088,2.5562937240465544,0.39297953248023987,0.2427624613046646,0.25486510401209583,0.49270930710172767,1.2196780443191528
