compile_time_s,epoch_time_s_mean,grad_nonfinite_steps,grad_norm_max,loss_nonfinite_steps,model,mse_test,mse_train,mse_val,param_mismatch,param_mismatch_ratio,params_analytic,params_empirical,samples_per_sec,step_time_ms_mean,test_mae,test_mse,test_r2,test_rmse,test_smape,train_mae,train_mse,train_r2,train_rmse,train_smape,train_time_s,val_mae,val_mse,val_r2,val_rmse,val_smape
None,0.24197662361548283,0,2.538850918717535,0,geo_sparse,0.15823155641555786,0.15956814587116241,0.1735975295305252,,,1173,1285,15228.14297104264,4.89944773250156,0.31618621945381165,0.15823155641555786,0.4393495344993008,0.3977833033393406,1.0843498706817627,0.32008087635040283,0.15956814587116241,0.43830842761066524,0.3994598175926615,1.1065655946731567,2.4205183829762973,0.33513638377189636,0.1735975295305252,0.4671598768025599,0.4166503684512054,1.0764840841293335
None,0.15960565490531736,0,1.5337107661387983,0,dense_resrelu,0.13010534644126892,0.12573494017124176,0.13782159984111786,18,0.014007782101167316,1303,1303,23086.06025844262,6.455293655395508,0.293887197971344,0.13010534644126892,0.5390071064278864,0.36070118719137717,1.0122954845428467,0.28795525431632996,0.12573494017124176,0.5574038175368603,0.35459122968742723,0.993504524230957,1.5966344879707322,0.2986257076263428,0.13782159984111786,0.5769704702197078,0.37124331622416834,0.9760749340057373
None,0.155655748792924,0,1.8388739690678026,0,dense_respsann,0.20035500824451447,0.2022373527288437,0.22537313401699066,60,0.04669260700389105,1225,1225,23674.718286481806,3.9592817801016347,0.3615202307701111,0.20035500824451447,0.29009654469505763,0.44761033080628787,1.2438369989395142,0.36123770475387573,0.2022373527288437,0.28810970758376897,0.4497080750096041,1.2396856546401978,1.5569351049489342,0.3762836754322052,0.22537313401699066,0.30823988545681225,0.4747348038821155,1.185943365097046
