epoch,step,loss,ppl,lr,grad_norm,toks
1,50,5.553200,258.059000,5e-06,3.882000,32768
1,100,4.754400,116.090000,1e-05,1.834000,32768
1,150,3.837900,46.429000,1.5e-05,2.189000,32768
1,200,2.871700,17.667000,2e-05,1.532000,32768
1,250,2.245000,9.440000,2.5e-05,1.950000,32768
1,300,1.873800,6.513000,3e-05,1.666000,32768
1,350,1.624400,5.075000,3.5e-05,3.001000,32768
