compile_time_s,epoch_time_s_mean,grad_nonfinite_steps,grad_norm_max,loss_nonfinite_steps,model,mse_test,mse_train,mse_val,param_mismatch,param_mismatch_ratio,params_analytic,params_empirical,samples_per_sec,step_time_ms_mean,test_mae,test_mse,test_r2,test_rmse,test_smape,train_mae,train_mse,train_r2,train_rmse,train_smape,train_time_s,val_mae,val_mse,val_r2,val_rmse,val_smape
None,0.38584904779563656,0,2.6317885618255796,0,geo_sparse,0.09987364709377289,0.09336451441049576,0.10631131380796432,,,9289,9801,9550.543007110264,5.115735689798991,0.2554791271686554,0.09987364709377289,0.6436554856496837,0.3160279213831792,0.9181172847747803,0.2484903186559677,0.09336451441049576,0.666468029255422,0.3055560740854218,0.9090302586555481,3.8594664169941097,0.2666899859905243,0.10631131380796432,0.5938732221305125,0.3260541577835871,0.9979507923126221
None,0.48723681139526887,0,1.261247498508501,0,dense_resrelu,0.18829569220542908,0.14681972563266754,0.16973818838596344,68,0.0069380675441281505,9733,9733,7563.6104951651,12.046132193671333,0.3447467088699341,0.18829569220542908,0.3281697530260329,0.4339305154116602,1.1537166833877563,0.30708712339401245,0.14681972563266754,0.4755066111712307,0.3831706220897781,1.0717086791992188,4.873333975032438,0.3332247734069824,0.16973818838596344,0.3515720717131162,0.41199294700997424,1.1905003786087036
None,0.40722306730458513,0,1.0769612357266558,0,dense_respsann,0.23610058426856995,0.21136632561683655,0.2130637913942337,342,0.03489439853076217,9459,9459,9049.902975212839,19.096178902520073,0.3843303322792053,0.23610058426856995,0.15760412794362466,0.4859018257514268,1.2816401720046997,0.36641091108322144,0.21136632561683655,0.24492270827854246,0.45974593594379554,1.2567932605743408,4.072971843008418,0.3702490031719208,0.2130637913942337,0.1860611207713988,0.4615883354182964,1.3430067300796509
