compile_time_s,epoch_time_s_mean,grad_nonfinite_steps,grad_norm_max,loss_nonfinite_steps,model,mse_test,mse_train,mse_val,param_mismatch,param_mismatch_ratio,params_analytic,params_empirical,samples_per_sec,step_time_ms_mean,test_mae,test_mse,test_r2,test_rmse,test_smape,train_mae,train_mse,train_r2,train_rmse,train_smape,train_time_s,val_mae,val_mse,val_r2,val_rmse,val_smape
None,0.18372433389886283,0,2.208325495602928,0,geo_sparse,0.10127361118793488,0.10689543932676315,0.11079912632703781,,,1173,1237,20057.68588258984,5.114641772376166,0.25205039978027344,0.10127361118793488,0.6153697660975653,0.3182351507736612,0.930039644241333,0.26569798588752747,0.10689543932676315,0.5998446628902683,0.32694867995874083,0.9703525900840759,1.8376995340222493,0.2714390158653259,0.11079912632703781,0.5691102671920842,0.3328650271912593,0.9955337047576904
None,0.11996717750444078,0,0.9578535189167466,0,dense_resrelu,0.12643985450267792,0.128451868891716,0.1381351798772812,66,0.05335489086499596,1303,1303,30715.751363978216,3.457322694637157,0.28376874327659607,0.12643985450267792,0.5197900989063515,0.3555838220485824,1.0228712558746338,0.28812071681022644,0.128451868891716,0.5191497307789698,0.35840182601615744,1.02344810962677,1.2000357589568011,0.30137908458709717,0.1381351798772812,0.4628023769126217,0.3716654138836182,1.0692360401153564
None,0.3257316082075704,0,1.4049144387728747,0,dense_respsann,0.19689834117889404,0.20954769849777222,0.1944652646780014,12,0.009700889248181084,1225,1225,11313.938394202585,4.565954331998472,0.3497939109802246,0.19689834117889404,0.25219359580157064,0.44373228548179144,1.2662537097930908,0.3666018545627594,0.20954769849777222,0.21557338206265486,0.4577638020833148,1.3012374639511108,3.257928293023724,0.35322117805480957,0.1944652646780014,0.24373876423642982,0.4409821591379876,1.32198965549469
