compile_time_s,epoch_time_s_mean,grad_nonfinite_steps,grad_norm_max,loss_nonfinite_steps,model,mse_test,mse_train,mse_val,param_mismatch,param_mismatch_ratio,params_analytic,params_empirical,samples_per_sec,step_time_ms_mean,test_mae,test_mse,test_r2,test_rmse,test_smape,train_mae,train_mse,train_r2,train_rmse,train_smape,train_time_s,val_mae,val_mse,val_r2,val_rmse,val_smape
None,0.2150820546085015,0,1.725152073845784,0,geo_sparse,0.08470429480075836,0.07795492559671402,0.09816966205835342,,,2197,2453,17133.790967582256,4.007735711556894,0.23466426134109497,0.08470429480075836,0.6998733793325419,0.2910400226785972,0.8636699914932251,0.22037373483181,0.07795492559671402,0.7255929571752601,0.2792040930873221,0.8131918907165527,2.1513044059975073,0.24254129827022552,0.09816966205835342,0.6986781189292579,0.31332038244958377,0.8510289788246155
None,0.08838532150257379,0,1.439668104904019,0,dense_resrelu,0.10812319070100784,0.10176413506269455,0.11894607543945312,80,0.03261312678353037,2533,2533,41687.55945546358,2.50534517676742,0.2671694755554199,0.10812319070100784,0.6168948939695785,0.32882090976853623,0.928341805934906,0.25911667943000793,0.10176413506269455,0.6417828018608677,0.3190049138535244,0.9289353489875793,0.8841966399922967,0.2847476005554199,0.11894607543945312,0.6349070113380302,0.34488559761093696,0.9552743434906006
None,0.19900179248652422,0,0.7888217859343388,0,dense_respsann,0.14343982934951782,0.13896562159061432,0.15416108071804047,18,0.007337953526294333,2435,2435,18518.203173526093,4.461490948994954,0.3072129487991333,0.14343982934951782,0.49175999454277697,0.3787345103756955,1.0310487747192383,0.3011261522769928,0.13896562159061432,0.5108308330853195,0.3727809297571622,1.0297609567642212,1.990473895042669,0.31830325722694397,0.15416108071804047,0.5268181012323627,0.39263351960580295,1.0303765535354614
