compile_time_s,epoch_time_s_mean,grad_nonfinite_steps,grad_norm_max,loss_nonfinite_steps,model,mse_test,mse_train,mse_val,param_mismatch,param_mismatch_ratio,params_analytic,params_empirical,samples_per_sec,step_time_ms_mean,test_mae,test_mse,test_r2,test_rmse,test_smape,train_mae,train_mse,train_r2,train_rmse,train_smape,train_time_s,val_mae,val_mse,val_r2,val_rmse,val_smape
None,0.3296953072946053,0,3.117719664246838,0,geo_sparse,0.08986205607652664,0.08312294632196426,0.07873815298080444,,,4677,5125,11177.171713610065,4.6467910872565374,0.23910698294639587,0.08986205607652664,0.6900271764746881,0.299770005298273,0.8770392537117004,0.23183242976665497,0.08312294632196426,0.7060949814438504,0.28831050331537394,0.8619371652603149,3.297793121950235,0.22129985690116882,0.07873815298080444,0.7320500092201103,0.2806031948870227,0.8209142088890076
None,0.10798406400717794,0,1.9702185849054676,0,dense_resrelu,0.18374979496002197,0.1556415855884552,0.1686750054359436,46,0.00897560975609756,5171,5171,34123.534913097086,3.252484710128219,0.34345805644989014,0.18374979496002197,0.36616804408025017,0.4286604658235023,1.1687122583389282,0.3166993260383606,0.1556415855884552,0.44968452086679833,0.3945143667706605,1.097028374671936,1.0801928960136138,0.32988712191581726,0.1686750054359436,0.4259902499865751,0.4107006275085827,1.1206605434417725
None,0.15715868469560518,0,1.7467253542447159,0,dense_respsann,0.23853737115859985,0.22013713419437408,0.22995789349079132,120,0.023414634146341463,5005,5005,23448.692057300505,4.872919647781937,0.38788726925849915,0.23853737115859985,0.17718216472401882,0.4884028779180154,1.3089075088500977,0.3760002851486206,0.22013713419437408,0.22164200671051826,0.46918773875110387,1.2749788761138916,1.571942687034607,0.38941580057144165,0.22995789349079132,0.2174414219031321,0.4795392512514396,1.2889378070831299
