compile_time_s,epoch_time_s_mean,grad_nonfinite_steps,grad_norm_max,loss_nonfinite_steps,model,mse_test,mse_train,mse_val,param_mismatch,param_mismatch_ratio,params_analytic,params_empirical,samples_per_sec,step_time_ms_mean,test_mae,test_mse,test_r2,test_rmse,test_smape,train_mae,train_mse,train_r2,train_rmse,train_smape,train_time_s,val_mae,val_mse,val_r2,val_rmse,val_smape
None,0.24110520069370978,0,3.597028213881015,0,geo_sparse,0.057134561240673065,0.05343645066022873,0.05390432849526405,,,8773,9221,15283.792095021778,7.020739537698251,0.1917380690574646,0.057134561240673065,0.8029183612984631,0.23902836911269146,0.7452905178070068,0.18344716727733612,0.05343645066022873,0.8110601039153745,0.23116325542834165,0.721527099609375,2.4117051429930143,0.18346066772937775,0.05390432849526405,0.816560790543409,0.23217305721220982,0.7045033574104309
None,0.0973439099965617,0,2.237802703691907,0,dense_resrelu,0.14003175497055054,0.10851520299911499,0.12206169962882996,226,0.024509272313198136,8995,8995,37852.09943850598,2.8028859385737666,0.2975814640522003,0.14003175497055054,0.516970339133332,0.3742081706357446,1.0245821475982666,0.26687246561050415,0.10851520299911499,0.616313375392534,0.3294164583003026,0.9516200423240662,0.973790107993409,0.28395238518714905,0.12206169962882996,0.5846177529679131,0.3493732955290515,1.01189386844635
None,0.326426224806346,0,1.819113576353781,0,dense_respsann,0.23773899674415588,0.21981830894947052,0.22892902791500092,122,0.013230669124823772,9343,9343,11289.523811383244,6.342820776833428,0.3880884051322937,0.23773899674415588,0.17993610094894585,0.48758486106949206,1.3116341829299927,0.3756687641143799,0.21981830894947052,0.2227692866508837,0.46884785266594803,1.2749024629592896,3.2649738479522057,0.388675332069397,0.22892902791500092,0.22094272082417654,0.47846528391828064,1.2926535606384277
