compile_time_s,epoch_time_s_mean,grad_nonfinite_steps,grad_norm_max,loss_nonfinite_steps,model,mse_test,mse_train,mse_val,param_mismatch,param_mismatch_ratio,params_analytic,params_empirical,samples_per_sec,step_time_ms_mean,test_mae,test_mse,test_r2,test_rmse,test_smape,train_mae,train_mse,train_r2,train_rmse,train_smape,train_time_s,val_mae,val_mse,val_r2,val_rmse,val_smape
None,0.19774041350465268,0,2.725180742330791,0,geo_sparse,0.0958699956536293,0.10207868367433548,0.10458673536777496,,,1173,1237,18635.377448114366,4.1818998301470724,0.24443604052066803,0.0958699956536293,0.6358923275279252,0.3096288030103616,0.8943278193473816,0.2599516808986664,0.10207868367433548,0.61787585490423,0.31949754877672454,0.9528665542602539,1.9779583269846626,0.26394903659820557,0.10458673536777496,0.5932698092816652,0.32339872505588974,0.9830811023712158
None,0.13620177760603838,0,1.3051195157716091,0,dense_resrelu,0.12360285222530365,0.12525637447834015,0.13819542527198792,66,0.05335489086499596,1303,1303,27055.619604644762,2.862679702264291,0.2812151312828064,0.12360285222530365,0.5305648391049927,0.3515719730372483,1.0103164911270142,0.28465643525123596,0.12525637447834015,0.5311118349707472,0.35391577314149214,1.0049184560775757,1.3623787050019018,0.3025326132774353,0.13819542527198792,0.46256805502265863,0.3717464529380044,1.0581049919128418
None,0.14487087269080803,0,2.019982518118489,0,dense_respsann,0.1464572697877884,0.14828665554523468,0.1528966724872589,12,0.009700889248181084,1225,1225,25437.05538223365,4.375003293708518,0.3007972836494446,0.1464572697877884,0.44376532766612675,0.38269736057071047,1.0519425868988037,0.308621346950531,0.14828665554523468,0.4448996770835303,0.3850800638117152,1.0689533948898315,1.4490670970408246,0.31382477283477783,0.1528966724872589,0.40539597432387864,0.3910200410301995,1.0956751108169556
