compile_time_s,epoch_time_s_mean,grad_nonfinite_steps,grad_norm_max,loss_nonfinite_steps,model,mse_test,mse_train,mse_val,param_mismatch,param_mismatch_ratio,params_analytic,params_empirical,samples_per_sec,step_time_ms_mean,test_mae,test_mse,test_r2,test_rmse,test_smape,train_mae,train_mse,train_r2,train_rmse,train_smape,train_time_s,val_mae,val_mse,val_r2,val_rmse,val_smape
None,0.23598611968918703,0,2.394834163130161,0,geo_sparse,0.22009822726249695,0.19641996920108795,0.19098211824893951,,,2629,3077,15615.397011291354,5.335160891215007,0.371455579996109,0.22009822726249695,0.2146997913315396,0.469146274910605,1.2408311367034912,0.35350561141967773,0.19641996920108795,0.2983164799131911,0.4431929254862807,1.2148456573486328,2.360490737017244,0.34873896837234497,0.19098211824893951,0.27041679340832936,0.4370150091803936,1.2562834024429321
None,0.09637074571219273,0,1.298771921374258,0,dense_resrelu,0.23551827669143677,0.21054521203041077,0.2118419110774994,102,0.03314917127071823,2975,2975,38234.44102006515,2.921072589026557,0.38379254937171936,0.23551827669143677,0.15968177421783358,0.485302252922276,1.2831292152404785,0.36615127325057983,0.21054521203041077,0.24785601141993574,0.45885205898024556,1.259800910949707,0.9640522789559327,0.36792096495628357,0.2118419110774994,0.1907288867701893,0.46026287171300206,1.3266390562057495
None,0.13641878549824468,0,1.7327191666934014,0,dense_respsann,0.23772114515304565,0.21448642015457153,0.2109445035457611,78,0.025349366265843352,3155,3155,27012.713291816286,4.364852137035793,0.38582220673561096,0.23772114515304565,0.15182204229683327,0.4875665545882384,1.2876226902008057,0.3692925274372101,0.21448642015457153,0.23377659407705598,0.4631267862632991,1.269234299659729,1.364542672992684,0.3675849735736847,0.2109445035457611,0.1941571850633479,0.4592869512034509,1.3410005569458008
