compile_time_s,epoch_time_s_mean,grad_nonfinite_steps,grad_norm_max,loss_nonfinite_steps,model,mse_test,mse_train,mse_val,param_mismatch,param_mismatch_ratio,params_analytic,params_empirical,samples_per_sec,step_time_ms_mean,test_mae,test_mse,test_r2,test_rmse,test_smape,train_mae,train_mse,train_r2,train_rmse,train_smape,train_time_s,val_mae,val_mse,val_r2,val_rmse,val_smape
None,0.7995992416108493,0,2.3252098022955128,0,geo_sparse,0.060759760439395905,0.061687666922807693,0.06659567356109619,,,2329,2553,4609.034261635261,9.160892451250994,0.19436323642730713,0.060759760439395905,0.7692385943827693,0.24649495012960387,0.7740285396575928,0.19709153473377228,0.061687666922807693,0.7690766956833825,0.24837002017716972,0.7818611860275269,7.997336949047167,0.20837023854255676,0.06659567356109619,0.7410142837934789,0.2580613755700302,0.8496199250221252
None,0.6034282081003767,0,1.5303722766294865,0,dense_resrelu,0.10929246991872787,0.1140042245388031,0.11441445350646973,146,0.05718762240501371,2407,2407,6107.100791862969,19.52986060248481,0.2605518698692322,0.10929246991872787,0.5849146902581946,0.3305941165821435,0.9583656191825867,0.27287623286247253,0.1140042245388031,0.5732334510345631,0.3376451162667737,0.9915712475776672,6.035597128036898,0.27589860558509827,0.11441445350646973,0.5550505195968506,0.3382520561747847,1.0170623064041138
None,0.6647855709132273,0,1.00092003619512,0,dense_respsann,0.16785693168640137,0.1784479171037674,0.16409744322299957,118,0.046220133176654916,2671,2671,5544.076257740104,26.567765200579608,0.3230004608631134,0.16785693168640137,0.3624908785283132,0.4097034679941108,1.1444902420043945,0.3379379212856293,0.1784479171037674,0.33199315301790067,0.42243096134607294,1.207818865776062,6.6485376979690045,0.3250925540924072,0.16409744322299957,0.3618369967778208,0.4050894262048808,1.206058382987976
