compile_time_s,epoch_time_s_mean,grad_nonfinite_steps,grad_norm_max,loss_nonfinite_steps,model,mse_test,mse_train,mse_val,param_mismatch,param_mismatch_ratio,params_analytic,params_empirical,samples_per_sec,step_time_ms_mean,test_mae,test_mse,test_r2,test_rmse,test_smape,train_mae,train_mse,train_r2,train_rmse,train_smape,train_time_s,val_mae,val_mse,val_r2,val_rmse,val_smape
None,0.41650957099627706,0,3.0769859660394703,0,geo_sparse,0.0726347342133522,0.07260996848344803,0.08349457383155823,,,2329,2841,8848.030318302002,7.968674377158836,0.21248003840446472,0.0726347342133522,0.7426385831579201,0.2695083193768834,0.7833805084228516,0.21193154156208038,0.07260996848344803,0.7444075930599947,0.26946236932723655,0.7985562086105347,4.165898925974034,0.22371405363082886,0.08349457383155823,0.743721811708783,0.28895427636835247,0.7780434489250183
None,0.19945422649616376,0,1.763892311948348,0,dense_resrelu,0.11794322729110718,0.11102835088968277,0.13503940403461456,24,0.008447729672650475,2817,2817,18474.7324262965,5.085924766681813,0.27882111072540283,0.11794322729110718,0.582100266335291,0.343428634931782,0.9467521905899048,0.2720626890659332,0.11102835088968277,0.6091720952853582,0.33320916987634475,0.9470477104187012,1.995157447992824,0.29742568731307983,0.13503940403461456,0.5855101473850244,0.36747707960444903,0.9472352266311646
None,0.42151098829344846,0,1.6110289396425845,0,dense_respsann,0.16848361492156982,0.17123086750507355,0.18725645542144775,170,0.059838085181274196,2671,2671,8742.902078374815,23.16893160784686,0.33311811089515686,0.16848361492156982,0.4030241547587343,0.4104675564786696,1.1301145553588867,0.33342987298965454,0.17123086750507355,0.3972548156950876,0.4138005165596988,1.1374913454055786,4.2159914030344225,0.34887540340423584,0.18725645542144775,0.42523518753202794,0.43273138945707157,1.107104778289795
