compile_time_s,epoch_time_s_mean,grad_nonfinite_steps,grad_norm_max,loss_nonfinite_steps,model,mse_test,mse_train,mse_val,param_mismatch,param_mismatch_ratio,params_analytic,params_empirical,samples_per_sec,step_time_ms_mean,test_mae,test_mse,test_r2,test_rmse,test_smape,train_mae,train_mse,train_r2,train_rmse,train_smape,train_time_s,val_mae,val_mse,val_r2,val_rmse,val_smape
None,0.7921081104024779,0,2.0755514011732945,0,geo_sparse,0.11681501567363739,0.12906567752361298,0.11978751420974731,,,1305,1529,4652.640124454153,19.127151242008917,0.2718934416770935,0.11681501567363739,0.5563445770834675,0.34178211725255225,0.9948959350585938,0.28861871361732483,0.12906567752361298,0.5168519998723087,0.3592571189602413,1.043724536895752,7.922383638971951,0.28444382548332214,0.11978751420974731,0.5341550930130539,0.3461033288047766,1.0639092922210693
None,0.3930745641933754,0,0.8440056573848188,0,dense_resrelu,0.12830175459384918,0.1302613914012909,0.13205133378505707,154,0.10071942446043165,1683,1683,9375.940419956129,14.350000628718623,0.28223612904548645,0.12830175459384918,0.5127187299764808,0.3581923430139862,1.0088471174240112,0.2914361357688904,0.1302613914012909,0.5123759232438803,0.36091743017107236,1.0357810258865356,3.931338974973187,0.29760485887527466,0.13205133378505707,0.48646197682282966,0.3633886814212257,1.081150770187378
None,0.9105814183014445,0,1.5487116934449805,0,dense_respsann,0.2032182216644287,0.21573378145694733,0.19760820269584656,32,0.020928711576193592,1561,1561,4047.4483143403722,20.34213101422345,0.3544297218322754,0.2032182216644287,0.22819112288811116,0.45079731772097836,1.275274634361267,0.3713827431201935,0.21573378145694733,0.19241625138577623,0.4644715076912117,1.314894676208496,9.106972377980128,0.3539546728134155,0.19760820269584656,0.23151610604780604,0.4445314417404539,1.308348536491394
