compile_time_s,epoch_time_s_mean,grad_nonfinite_steps,grad_norm_max,loss_nonfinite_steps,model,mse_test,mse_train,mse_val,param_mismatch,param_mismatch_ratio,params_analytic,params_empirical,samples_per_sec,step_time_ms_mean,test_mae,test_mse,test_r2,test_rmse,test_smape,train_mae,train_mse,train_r2,train_rmse,train_smape,train_time_s,val_mae,val_mse,val_r2,val_rmse,val_smape
None,0.3657798970118165,0,2.463306067390651,0,geo_sparse,0.041969314217567444,0.036635927855968475,0.040245361626148224,,,4377,4601,10074.039539022995,8.643849514148853,0.16301098465919495,0.041969314217567444,0.840603421218272,0.204864135996439,0.674907386302948,0.14964556694030762,0.036635927855968475,0.8628560673987016,0.19140514062053943,0.6245710849761963,3.658909601974301,0.15931947529315948,0.040245361626148224,0.8434887171621896,0.2006124662780163,0.6673041582107544
None,0.14562138511100783,0,1.3092315768501164,0,dense_resrelu,0.09339200705289841,0.09398962557315826,0.10278391093015671,176,0.03825255379265377,4777,4777,25301.958835245372,4.509956713075991,0.2437637448310852,0.09339200705289841,0.6453035583898128,0.3056010586580132,0.886603593826294,0.24974924325942993,0.09398962557315826,0.64815664253652,0.30657727504359855,0.9147613644599915,1.45680420397548,0.26546984910964966,0.10278391093015671,0.600280867856493,0.320599299640777,0.9972403049468994
None,0.4027358579915017,0,1.3765540576073707,0,dense_respsann,0.12127399444580078,0.12178198993206024,0.12691569328308105,2,0.0004346881112801565,4599,4599,9150.44840191439,7.499772425051089,0.2797093391418457,0.12127399444580078,0.5394096813294241,0.34824415924147356,0.9850238561630249,0.2827768325805664,0.12178198993206024,0.5441179396695708,0.3489727638828856,0.9980136156082153,4.028217895014677,0.2922348082065582,0.12691569328308105,0.5064341187145034,0.3562522888110069,1.0706571340560913
