compile_time_s,epoch_time_s_mean,grad_nonfinite_steps,grad_norm_max,loss_nonfinite_steps,model,mse_test,mse_train,mse_val,param_mismatch,param_mismatch_ratio,params_analytic,params_empirical,samples_per_sec,step_time_ms_mean,test_mae,test_mse,test_r2,test_rmse,test_smape,train_mae,train_mse,train_r2,train_rmse,train_smape,train_time_s,val_mae,val_mse,val_r2,val_rmse,val_smape
None,0.23932399940094912,0,2.6138785289083613,0,geo_sparse,0.10701197385787964,0.10010138154029846,0.10746727883815765,,,4677,5125,15397.445642329816,4.801575139716819,0.25801795721054077,0.10701197385787964,0.5943486454774952,0.3271268467397313,0.9431338310241699,0.2505738437175751,0.10010138154029846,0.6268366916353107,0.3163880236992204,0.9381107091903687,2.393903564021457,0.2629951238632202,0.10746727883815765,0.572139124350762,0.32782202311339254,1.0246309041976929
None,0.1569465434993617,0,1.2198894595196406,0,dense_resrelu,0.17317718267440796,0.15537141263484955,0.17611759901046753,46,0.00897560975609756,5171,5171,23478.554552100453,2.936649472625167,0.3374919891357422,0.17317718267440796,0.3435355297944339,0.41614562676352607,1.1924808025360107,0.3157642185688019,0.15537141263484955,0.42079809373451393,0.39417180598674173,1.1403828859329224,1.569943325011991,0.3410041928291321,0.17611759901046753,0.29882073107605533,0.4196636736846156,1.2113983631134033
None,0.34128051340812815,0,1.1689311121117982,0,dense_respsann,0.21447651088237762,0.21101906895637512,0.22586804628372192,120,0.023414634146341463,5005,5005,10798.09237740308,10.992199120698151,0.3758908808231354,0.21447651088237762,0.18698175525438232,0.4631160879114195,1.31632399559021,0.3663743734359741,0.21101906895637512,0.21335178430291457,0.4593681192207129,1.3033748865127563,3.41356590698706,0.38022804260253906,0.22586804628372192,0.10074864021833263,0.47525576933239005,1.352577805519104
