compile_time_s,epoch_time_s_mean,grad_nonfinite_steps,grad_norm_max,loss_nonfinite_steps,model,mse_test,mse_train,mse_val,param_mismatch,param_mismatch_ratio,params_analytic,params_empirical,samples_per_sec,step_time_ms_mean,test_mae,test_mse,test_r2,test_rmse,test_smape,train_mae,train_mse,train_r2,train_rmse,train_smape,train_time_s,val_mae,val_mse,val_r2,val_rmse,val_smape
None,0.34414374849875456,0,2.8300576072298598,0,geo_sparse,0.13222934305667877,0.1190648004412651,0.11686921119689941,,,8773,9797,10708.610922523001,6.554722397415726,0.2917686700820923,0.13222934305667877,0.5438842086445163,0.363633528510063,1.0240411758422852,0.280132919549942,0.1190648004412651,0.5790122301735381,0.3450576769777266,0.9835120439529419,3.4420897599775344,0.2755437195301056,0.11686921119689941,0.602288037514704,0.34186139179044395,0.9960315227508545
None,0.1028193769918289,0,1.1752379295136581,0,dense_resrelu,0.22337643802165985,0.19491328299045563,0.2126610428094864,252,0.025722159844850465,9545,9545,35836.83279983231,2.935824570832429,0.3760257661342621,0.22337643802165985,0.22947873412071362,0.47262716597933707,1.2825720310211182,0.3547217547893524,0.19491328299045563,0.3108281520454388,0.44148984471950836,1.2226340770721436,1.0285507150110789,0.3729853928089142,0.2126610428094864,0.2763035310996349,0.46115186523474716,1.2650506496429443
None,0.1384820023085922,0,1.3291970758630358,0,dense_respsann,0.2397538721561432,0.21929481625556946,0.2302178591489792,108,0.0110237827906502,9905,9905,26610.325931609896,4.527491560688725,0.38933658599853516,0.2397538721561432,0.17298593034553167,0.4896466809405974,1.3199481964111328,0.3750923275947571,0.21929481625556946,0.22462027633171144,0.46828924422366297,1.275901436805725,1.3851765699801035,0.38902342319488525,0.2302178591489792,0.21655677257635209,0.4798102324346358,1.2916123867034912
