compile_time_s,epoch_time_s_mean,grad_nonfinite_steps,grad_norm_max,loss_nonfinite_steps,model,mse_test,mse_train,mse_val,param_mismatch,param_mismatch_ratio,params_analytic,params_empirical,samples_per_sec,step_time_ms_mean,test_mae,test_mse,test_r2,test_rmse,test_smape,train_mae,train_mse,train_r2,train_rmse,train_smape,train_time_s,val_mae,val_mse,val_r2,val_rmse,val_smape
None,0.37235378628829496,0,3.8121518016895153,0,geo_sparse,0.06332463026046753,0.05563163384795189,0.054003551602363586,,,8773,9797,9897.128954460119,4.396690942622997,0.20187969505786896,0.06332463026046753,0.7815661548649909,0.25164385599586475,0.7688005566596985,0.18869848549365997,0.05563163384795189,0.8032984033069689,0.2358635916116599,0.7256776094436646,3.7243123909574933,0.18705794215202332,0.054003551602363586,0.8162231261645455,0.23238664247835672,0.7192575335502625
None,0.10652090379153378,0,1.713673608471551,0,dense_resrelu,0.21014215052127838,0.1767457276582718,0.20002396404743195,252,0.025722159844850465,9545,9545,34590.699636140576,4.200562980439928,0.36473220586776733,0.21014215052127838,0.275129475300567,0.45841264219181216,1.2304998636245728,0.33766424655914307,0.1767457276582718,0.37506478317513314,0.42041137907800713,1.1652367115020752,1.0656043499475345,0.3598361909389496,0.20002396404743195,0.31930812697003874,0.44724038731696847,1.2153762578964233
None,0.15998598609585316,0,1.8910721655751879,0,dense_respsann,0.23981532454490662,0.21887120604515076,0.2303772270679474,108,0.0110237827906502,9905,9905,23034.16711415635,4.4306192751284,0.3894341289997101,0.23981532454490662,0.17277395466537193,0.4897094286869578,1.3164342641830444,0.37463057041168213,0.21887120604515076,0.226118046947398,0.4678367301154867,1.2716401815414429,1.6002315090154298,0.38887760043144226,0.2303772270679474,0.21601439451737792,0.4799762776095787,1.2864335775375366
