compile_time_s,epoch_time_s_mean,grad_nonfinite_steps,grad_norm_max,loss_nonfinite_steps,model,mse_test,mse_train,mse_val,param_mismatch,param_mismatch_ratio,params_analytic,params_empirical,samples_per_sec,step_time_ms_mean,test_mae,test_mse,test_r2,test_rmse,test_smape,train_mae,train_mse,train_r2,train_rmse,train_smape,train_time_s,val_mae,val_mse,val_r2,val_rmse,val_smape
None,0.5820778838067782,0,2.098517121553256,0,geo_sparse,0.03651640564203262,0.03414313495159149,0.038513071835041046,,,4377,4889,6331.521738143205,10.492660133926957,0.14960023760795593,0.03651640564203262,0.8706140526871227,0.1910926624494845,0.6190221309661865,0.14558345079421997,0.03414313495159149,0.879813662306402,0.18477861064417464,0.6037850379943848,5.821665236959234,0.15345144271850586,0.038513071835041046,0.881788007829037,0.19624747599661263,0.6012721657752991
None,0.4420788412098773,0,1.9947607593454777,0,dense_resrelu,0.12490900605916977,0.11924503743648529,0.13833583891391754,112,0.022908570259766822,4777,4777,8336.22371607732,5.726769729896828,0.2866658568382263,0.12490900605916977,0.5574189246525192,0.353424682300444,0.9779216051101685,0.2810918390750885,0.11924503743648529,0.580248751799485,0.3453187475890721,0.9829023480415344,4.421666363021359,0.30234652757644653,0.13833583891391754,0.5753920915486475,0.3719352617242919,0.9655138254165649
None,0.6976326569041703,0,1.6327414416893131,0,dense_respsann,0.12850700318813324,0.127496138215065,0.13932806253433228,272,0.05563509920229086,5161,5161,5282.972984877562,27.749297883775498,0.2896474599838257,0.12850700318813324,0.5446704008376753,0.3584787346386578,0.9675511717796326,0.2886737287044525,0.127496138215065,0.5512042866124149,0.3570660138056617,0.9938353300094604,6.977132025000174,0.3035377562046051,0.13932806253433228,0.572346568079471,0.37326674447951064,0.9684933423995972
