compile_time_s,epoch_time_s_mean,grad_nonfinite_steps,grad_norm_max,loss_nonfinite_steps,model,mse_test,mse_train,mse_val,param_mismatch,param_mismatch_ratio,params_analytic,params_empirical,samples_per_sec,step_time_ms_mean,test_mae,test_mse,test_r2,test_rmse,test_smape,train_mae,train_mse,train_r2,train_rmse,train_smape,train_time_s,val_mae,val_mse,val_r2,val_rmse,val_smape
None,0.16997027469333262,0,2.8957999957078977,0,geo_sparse,0.1501910388469696,0.15296483039855957,0.17090383172035217,,,661,725,21680.56977815974,2.9023656491880065,0.3110749125480652,0.1501910388469696,0.4678389206863176,0.387544886235091,1.0632075071334839,0.31106847524642944,0.15296483039855957,0.4615526030149395,0.3911071853067386,1.0812890529632568,1.7001398199936375,0.328480988740921,0.17090383172035217,0.4754279091413167,0.41340516653804915,1.0463265180587769
None,0.09827374419546686,0,1.9031318505430725,0,dense_resrelu,0.12179972231388092,0.11775141954421997,0.13766436278820038,32,0.044137931034482755,757,757,37494.261209134325,2.6417671221273915,0.2802906036376953,0.12179972231388092,0.5684358255707644,0.34899816949932694,0.9408916234970093,0.277762770652771,0.11775141954421997,0.5855063837198444,0.3431492671480153,0.9514553546905518,0.9830837789922953,0.3006625771522522,0.13766436278820038,0.5774531309864956,0.3710314849014843,0.9614415764808655
None,0.14161944341030902,0,1.8835762247381929,0,dense_respsann,0.2151373326778412,0.21598781645298004,0.24168451130390167,34,0.04689655172413793,691,691,26020.966670535494,4.419143129278113,0.37499094009399414,0.2151373326778412,0.23771940032215355,0.46382899076905615,1.2733463048934937,0.37224575877189636,0.21598781645298004,0.23970707433503424,0.46474489395041235,1.2591418027877808,1.416549987043254,0.3923581838607788,0.24168451130390167,0.2581737334302938,0.49161418948592367,1.2357295751571655
