compile_time_s,epoch_time_s_mean,grad_nonfinite_steps,grad_norm_max,loss_nonfinite_steps,model,mse_test,mse_train,mse_val,param_mismatch,param_mismatch_ratio,params_analytic,params_empirical,samples_per_sec,step_time_ms_mean,test_mae,test_mse,test_r2,test_rmse,test_smape,train_mae,train_mse,train_r2,train_rmse,train_smape,train_time_s,val_mae,val_mse,val_r2,val_rmse,val_smape
None,0.45300844179582783,0,2.4228480484815287,0,geo_sparse,0.07370714843273163,0.07396827638149261,0.07469576597213745,,,2197,2309,8134.670288539059,4.86782220557884,0.2218083143234253,0.07370714843273163,0.7239919608187564,0.27149060468592945,0.8289490342140198,0.21873313188552856,0.07396827638149261,0.7403515242190579,0.2719710947536385,0.816489040851593,4.531222371966578,0.22040198743343353,0.07469576597213745,0.7190109959187057,0.27330526151564927,0.8399816155433655
None,0.21699939139652996,0,2.2698088594227177,0,dense_resrelu,0.11659528315067291,0.11565466970205307,0.1113712415099144,54,0.02338674750974448,2255,2255,16981.60638224632,3.208673150451095,0.27630430459976196,0.11659528315067291,0.5633905779224504,0.3414605147753879,0.9670043587684631,0.2746227979660034,0.11565466970205307,0.594021118074519,0.3400803871175947,0.9609118700027466,2.170583817001898,0.2726932168006897,0.1113712415099144,0.5810459352816921,0.3337233008195778,0.9485448598861694
None,0.33918054269743153,0,2.0889040545155435,0,dense_respsann,0.17728044092655182,0.1854907125234604,0.17765353620052338,126,0.05456907752273712,2435,2435,10866.243536171589,11.232773922107837,0.3313305974006653,0.17728044092655182,0.3361454360158802,0.42104683934991344,1.1626265048980713,0.3420622646808624,0.1854907125234604,0.34887789158706406,0.43068632730034556,1.1760993003845215,3.3921566249919124,0.33254334330558777,0.17765353620052338,0.33170652760697716,0.421489663219068,1.139902949333191
