compile_time_s,epoch_time_s_mean,grad_nonfinite_steps,grad_norm_max,loss_nonfinite_steps,model,mse_test,mse_train,mse_val,param_mismatch,param_mismatch_ratio,params_analytic,params_empirical,samples_per_sec,step_time_ms_mean,test_mae,test_mse,test_r2,test_rmse,test_smape,train_mae,train_mse,train_r2,train_rmse,train_smape,train_time_s,val_mae,val_mse,val_r2,val_rmse,val_smape
None,0.46745777009637096,0,1.532914474832814,0,geo_sparse,0.08601108193397522,0.08484359830617905,0.09831799566745758,,,4377,4889,7883.646659439434,8.810694994749847,0.2411518543958664,0.08601108193397522,0.6952431347015391,0.2932764599042603,0.8708094954490662,0.2404588907957077,0.08484359830617905,0.7013443401367825,0.2912792445509619,0.8827500343322754,4.675501274003182,0.2598649263381958,0.09831799566745758,0.6982228168403344,0.3135570054510943,0.8862541317939758
None,0.37703902169014325,0,1.4836718035212726,0,dense_resrelu,0.12728986144065857,0.12362144142389297,0.1425255984067917,112,0.022908570259766822,4777,4777,9774.514529825543,12.721550270363137,0.2897316813468933,0.12728986144065857,0.5489830114367259,0.35677704724471637,0.9909369945526123,0.28603166341781616,0.12362144142389297,0.5648434761391997,0.3515984093022791,1.001970887184143,3.771031276031863,0.30643230676651,0.1425255984067917,0.562532056488416,0.3775256261590618,0.9742506146430969
None,0.7192134984128643,0,1.1909207299429534,0,dense_respsann,0.13798744976520538,0.1357773095369339,0.14832058548927307,272,0.05563509920229086,5161,5161,5124.524002149189,20.175825825443976,0.3007203936576843,0.13798744976520538,0.5110790180124262,0.37146661998786024,1.011549711227417,0.29807862639427185,0.1357773095369339,0.5220539127963386,0.3684797274436328,1.027938961982727,7.192863178031985,0.31203901767730713,0.14832058548927307,0.5447449177400521,0.3851241169925263,1.0024999380111694
