compile_time_s,epoch_time_s_mean,grad_nonfinite_steps,grad_norm_max,loss_nonfinite_steps,model,mse_test,mse_train,mse_val,param_mismatch,param_mismatch_ratio,params_analytic,params_empirical,samples_per_sec,step_time_ms_mean,test_mae,test_mse,test_r2,test_rmse,test_smape,train_mae,train_mse,train_r2,train_rmse,train_smape,train_time_s,val_mae,val_mse,val_r2,val_rmse,val_smape
None,0.33754980969242754,0,1.8981399839015891,0,geo_sparse,0.08200733363628387,0.08176685869693756,0.08313488215208054,,,2197,2309,10917.051701020986,5.103061375794588,0.23428696393966675,0.08200733363628387,0.6929106085810637,0.2863692260636325,0.8656482696533203,0.23365122079849243,0.08176685869693756,0.7129764092763287,0.2859490491275282,0.8618435859680176,3.3763694639783353,0.23567235469818115,0.08313488215208054,0.6872649041724627,0.2883312021826298,0.8741450905799866
None,0.10132577309268527,0,1.8111124036880346,0,dense_resrelu,0.1253267228603363,0.12511961162090302,0.12046611309051514,54,0.02338674750974448,2255,2255,36364.756633335295,2.9860100746154785,0.28511226177215576,0.1253267228603363,0.5306943251879838,0.3540151449589923,0.9823388457298279,0.2845718562602997,0.12511961162090302,0.560796624316592,0.3537225065229848,0.9908847808837891,1.0136187730240636,0.28129491209983826,0.12046611309051514,0.5468330348522827,0.34708228576306677,0.983604907989502
None,0.20993202999816277,0,1.8612015226481138,0,dense_respsann,0.1527804732322693,0.16165772080421448,0.15348193049430847,126,0.05456907752273712,2435,2435,17553.693792811697,4.304553517588863,0.30889254808425903,0.1527804732322693,0.42788942811285036,0.3908714280070485,1.1004163026809692,0.3204185962677002,0.16165772080421448,0.4325380633356235,0.40206681136872574,1.1166924238204956,2.099842941039242,0.3127988576889038,0.15348193049430847,0.42263481767455824,0.3917676996567079,1.1062390804290771
