compile_time_s,epoch_time_s_mean,grad_nonfinite_steps,grad_norm_max,loss_nonfinite_steps,model,mse_test,mse_train,mse_val,param_mismatch,param_mismatch_ratio,params_analytic,params_empirical,samples_per_sec,step_time_ms_mean,test_mae,test_mse,test_r2,test_rmse,test_smape,train_mae,train_mse,train_r2,train_rmse,train_smape,train_time_s,val_mae,val_mse,val_r2,val_rmse,val_smape
None,0.4070459979120642,0,1.9333952765634894,0,geo_sparse,0.08905068039894104,0.08506544679403305,0.09777434170246124,,,1305,1817,9053.562767186642,8.024520308883101,0.2336907982826233,0.08905068039894104,0.6844731446128192,0.2984136062563854,0.835834264755249,0.22887277603149414,0.08506544679403305,0.7005634024309906,0.29165981347116204,0.8386532068252563,4.071325393975712,0.24271418154239655,0.09777434170246124,0.6998915248413369,0.312688889637066,0.8281322717666626
None,0.5575590778084006,0,1.6871682501573715,0,dense_resrelu,0.1338740587234497,0.13359993696212769,0.15227438509464264,134,0.07374793615850303,1683,1683,6609.712001278564,14.41826958126492,0.3007846474647522,0.1338740587234497,0.5256536999190498,0.3658880412413744,1.0406314134597778,0.296451210975647,0.13359993696212769,0.5297184450864634,0.36551325141795843,1.0298995971679688,5.576642370026093,0.3164392113685608,0.15227438509464264,0.5326091451321315,0.390223506589035,1.0294103622436523
None,0.8882477563980501,0,1.1714239794022896,0,dense_respsann,0.2130923867225647,0.21414436399936676,0.2379738837480545,82,0.045129334067143645,1899,1899,4149.224868685824,31.339117968523944,0.3727584481239319,0.2130923867225647,0.24496510988680276,0.4616193093042845,1.2633183002471924,0.37079381942749023,0.21414436399936676,0.2461961782198001,0.4627573489415017,1.252623200416565,8.883586975047365,0.389091819524765,0.2379738837480545,0.2695631681600278,0.48782566942305783,1.2209992408752441
