compile_time_s,epoch_time_s_mean,grad_nonfinite_steps,grad_norm_max,loss_nonfinite_steps,model,mse_test,mse_train,mse_val,param_mismatch,param_mismatch_ratio,params_analytic,params_empirical,samples_per_sec,step_time_ms_mean,test_mae,test_mse,test_r2,test_rmse,test_smape,train_mae,train_mse,train_r2,train_rmse,train_smape,train_time_s,val_mae,val_mse,val_r2,val_rmse,val_smape
None,0.18707151410053485,0,2.4643020904646273,0,geo_sparse,0.13228356838226318,0.11895016580820084,0.12066523730754852,,,4677,4933,19698.25102193316,2.94330311704565,0.292574942111969,0.13228356838226318,0.5280183982122395,0.36370808127159227,1.0309786796569824,0.27826979756355286,0.11895016580820084,0.575066781329787,0.3448915275970125,0.9962843060493469,1.8712321189814247,0.2799672484397888,0.12066523730754852,0.5390388608953413,0.3473690218018131,1.0701338052749634
None,0.09890320388949476,0,1.1884624112354614,0,dense_resrelu,0.2150701880455017,0.1848994493484497,0.2038300633430481,168,0.03405635515913237,4765,4765,37255.4938545865,2.915582815806071,0.3674646019935608,0.2150701880455017,0.2326396007312328,0.4637566043147005,1.247301697731018,0.34494513273239136,0.1848994493484497,0.3394719865054332,0.42999935970702297,1.2109019756317139,0.9893842809833586,0.3616127669811249,0.2038300633430481,0.22133547882472926,0.45147542939018076,1.2931801080703735
None,0.14677831211010925,0,1.0014959591808723,0,dense_respsann,0.23681768774986267,0.21279187500476837,0.21119700372219086,72,0.014595580782485303,5005,5005,25106.70222426993,4.477562074308042,0.3846222460269928,0.23681768774986267,0.15504553617075933,0.48663917613552515,1.2793185710906982,0.3681904673576355,0.21279187500476837,0.23983012538054915,0.46129369712230883,1.2662502527236938,1.4681338740047067,0.3692712187767029,0.21119700372219086,0.19319253854089857,0.45956175180512016,1.338025689125061
