compile_time_s,epoch_time_s_mean,grad_nonfinite_steps,grad_norm_max,loss_nonfinite_steps,model,mse_test,mse_train,mse_val,param_mismatch,param_mismatch_ratio,params_analytic,params_empirical,samples_per_sec,step_time_ms_mean,test_mae,test_mse,test_r2,test_rmse,test_smape,train_mae,train_mse,train_r2,train_rmse,train_smape,train_time_s,val_mae,val_mse,val_r2,val_rmse,val_smape
None,0.24115148679702542,0,2.3870732240643013,0,geo_sparse,0.08412398397922516,0.08780071139335632,0.08988241851329803,,,2197,2261,15281.537564369824,4.732946943353723,0.23185637593269348,0.08412398397922516,0.6805028747845341,0.290041348740529,0.8671910762786865,0.24114003777503967,0.08780071139335632,0.6713244038256567,0.29631184821629447,0.904581606388092,2.4120609490200877,0.24603542685508728,0.08988241851329803,0.650453830410292,0.2998039668071422,0.9475497603416443
None,0.15285449580405838,0,1.8980863809072592,0,dense_resrelu,0.09486016631126404,0.09645555913448334,0.09844077378511429,6,0.0026536930561698365,2255,2255,24107.059616878087,2.9338453345828586,0.24787208437919617,0.09486016631126404,0.6397275901555679,0.3079937764164465,0.8985323309898376,0.25317662954330444,0.09645555913448334,0.6389256139178578,0.3105729529989425,0.9375115036964417,1.5290126869804226,0.2601865231990814,0.09844077378511429,0.6171710038891065,0.31375272713574026,0.9800050258636475
None,0.19895503548323176,0,1.5495878569247497,0,dense_respsann,0.19341886043548584,0.2069581300020218,0.19270525872707367,100,0.044228217602830605,2161,2161,18522.0672041551,4.173019294385557,0.3475431799888611,0.19341886043548584,0.26540842517812546,0.43979411141520053,1.2425215244293213,0.3639647364616394,0.2069581300020218,0.22526726072056957,0.45492651055090405,1.2854948043823242,1.9900586470030248,0.3520301580429077,0.19270525872707367,0.2505833080895761,0.43898207107702436,1.3104655742645264
