compile_time_s,epoch_time_s_mean,grad_nonfinite_steps,grad_norm_max,loss_nonfinite_steps,model,mse_test,mse_train,mse_val,param_mismatch,param_mismatch_ratio,params_analytic,params_empirical,samples_per_sec,step_time_ms_mean,test_mae,test_mse,test_r2,test_rmse,test_smape,train_mae,train_mse,train_r2,train_rmse,train_smape,train_time_s,val_mae,val_mse,val_r2,val_rmse,val_smape
None,0.25010585590498524,0,3.27940172518199,0,geo_sparse,0.10178250074386597,0.09454622119665146,0.10926225036382675,,,9289,9801,14733.172232110408,5.6706607430069536,0.2580612301826477,0.10178250074386597,0.6368447848622218,0.3190336984455811,0.9278243780136108,0.2502041757106781,0.09454622119665146,0.662246540615317,0.30748369257027514,0.9103990793228149,2.501837311021518,0.27073729038238525,0.10926225036382675,0.5826001510308034,0.33054840850294037,1.010866641998291
None,0.16170129801612348,0,1.8305187409162773,0,dense_resrelu,0.14104008674621582,0.11410985887050629,0.1278759241104126,68,0.0069380675441281505,9733,9733,22786.629407373293,5.012133933879711,0.30476123094558716,0.14104008674621582,0.4967755491264082,0.37555304118887894,1.055740475654602,0.27275609970092773,0.11410985887050629,0.592358114740493,0.3378015080938898,0.9702346920967102,1.6176152839907445,0.2893107533454895,0.1278759241104126,0.5114928356335449,0.3575974330310728,1.0443105697631836
None,0.3940747260930948,0,1.6140740186072688,0,dense_respsann,0.23616063594818115,0.2110535204410553,0.21350634098052979,342,0.03489439853076217,9459,9459,9351.954287651652,7.769263408802174,0.38437771797180176,0.23616063594818115,0.15738986635180674,0.48596361586869974,1.2748945951461792,0.3659215569496155,0.2110535204410553,0.24604011765865286,0.4594056164665984,1.2501308917999268,3.941422174044419,0.37046679854393005,0.21350634098052979,0.18437053686595373,0.46206746366794726,1.3357832431793213
