compile_time_s,epoch_time_s_mean,grad_nonfinite_steps,grad_norm_max,loss_nonfinite_steps,model,mse_test,mse_train,mse_val,param_mismatch,param_mismatch_ratio,params_analytic,params_empirical,samples_per_sec,step_time_ms_mean,test_mae,test_mse,test_r2,test_rmse,test_smape,train_mae,train_mse,train_r2,train_rmse,train_smape,train_time_s,val_mae,val_mse,val_r2,val_rmse,val_smape
None,0.23351303011295385,0,2.500613310679383,0,geo_sparse,0.0893322229385376,0.08839678764343262,0.08696547895669937,,,1173,1429,15781.871970446815,6.848263087096037,0.2390400469303131,0.0893322229385376,0.6607223401947023,0.2988849660630952,0.9202028512954712,0.2339329719543457,0.08839678764343262,0.669093029014753,0.29731597273512334,0.8834186792373657,2.335591118026059,0.23346002399921417,0.08696547895669937,0.6617976005959505,0.29489909962002153,0.9638825058937073
None,0.10007532261079177,0,1.4833665915079024,0,dense_resrelu,0.11333249509334564,0.11850323528051376,0.12634596228599548,88,0.0615815255423373,1517,1517,36819.38516352535,2.884783391599302,0.26721829175949097,0.11333249509334564,0.5695709515521528,0.33664891963787086,0.9460296034812927,0.2784089148044586,0.11850323528051376,0.5563917408510874,0.34424298871656595,0.9817208051681519,1.0011030829627998,0.29252710938453674,0.12634596228599548,0.508649792113498,0.355451772095731,1.0483229160308838
None,0.13808031459338962,0,1.4579649801119356,0,dense_respsann,0.18444910645484924,0.19486841559410095,0.18083155155181885,6,0.004198740377886634,1435,1435,26687.65068024267,4.514737764994304,0.3374696373939514,0.18444910645484924,0.29947493600114006,0.42947538515594724,1.2138581275939941,0.3540205955505371,0.19486841559410095,0.27052422555369837,0.4414390281727488,1.2590903043746948,1.3811631620046683,0.33943718671798706,0.18083155155181885,0.296759266026843,0.4252429323949063,1.2523475885391235
