compile_time_s,epoch_time_s_mean,grad_nonfinite_steps,grad_norm_max,loss_nonfinite_steps,model,mse_test,mse_train,mse_val,param_mismatch,param_mismatch_ratio,params_analytic,params_empirical,samples_per_sec,step_time_ms_mean,test_mae,test_mse,test_r2,test_rmse,test_smape,train_mae,train_mse,train_r2,train_rmse,train_smape,train_time_s,val_mae,val_mse,val_r2,val_rmse,val_smape
None,0.24581170950550585,0,2.3967581316581272,0,geo_sparse,0.16460967063903809,0.14958372712135315,0.16190752387046814,,,2629,3077,14991.360823674198,4.919207166742395,0.31939011812210083,0.16460967063903809,0.4321905527723324,0.4057211735158002,1.1007616519927979,0.30562824010849,0.14958372712135315,0.47110383504687225,0.3867605552811108,1.0584475994110107,2.4587494379957207,0.324122816324234,0.16190752387046814,0.44902032527738855,0.40237734015531756,1.1279178857803345
None,0.14371330760186538,0,1.3558514259503478,0,dense_resrelu,0.23646175861358643,0.21736891567707062,0.22773954272270203,102,0.03314917127071823,2975,2975,25641.76697539679,2.871383719974094,0.3867451846599579,0.23646175861358643,0.18434184378338137,0.48627333734596884,1.3065390586853027,0.373967707157135,0.21736891567707062,0.23142985747350187,0.4662283943273625,1.2717763185501099,1.4374984389869496,0.386576384305954,0.22773954272270203,0.22499057724983362,0.4772206436468377,1.2941635847091675
None,0.5021827232849319,0,1.4624900223153905,0,dense_respsann,0.23843461275100708,0.22047822177410126,0.2267274409532547,78,0.025349366265843352,3155,3155,7338.9056131314055,15.775034092090747,0.3887493908405304,0.23843461275100708,0.1775366226023849,0.48829766818100523,1.3156920671463013,0.37657079100608826,0.22047822177410126,0.22043597993729758,0.46955108537208307,1.2796623706817627,5.022547222033609,0.38662800192832947,0.2267274409532547,0.2284348204054214,0.4761590500591737,1.2904950380325317
