compile_time_s,epoch_time_s_mean,grad_nonfinite_steps,grad_norm_max,loss_nonfinite_steps,model,mse_test,mse_train,mse_val,param_mismatch,param_mismatch_ratio,params_analytic,params_empirical,samples_per_sec,step_time_ms_mean,test_mae,test_mse,test_r2,test_rmse,test_smape,train_mae,train_mse,train_r2,train_rmse,train_smape,train_time_s,val_mae,val_mse,val_r2,val_rmse,val_smape
None,0.3697800665046088,0,2.191047391964631,0,geo_sparse,0.09594278037548065,0.0884229838848114,0.10053515434265137,,,5193,7241,9966.042532407857,7.55220150064539,0.2436814159154892,0.09594278037548065,0.6363087473962787,0.3097463161612752,0.897235631942749,0.23438586294651031,0.0884229838848114,0.6703720457193594,0.29736002401938866,0.8782784342765808,3.6985593709978275,0.24111242592334747,0.10053515434265137,0.599738078531841,0.31707279029057567,0.9243556261062622
None,0.15641428339295088,0,1.1495086961074785,0,dense_resrelu,0.15244975686073303,0.12680941820144653,0.14891578257083893,254,0.03507802789669935,7495,7495,23556.759665188834,4.759944297649242,0.3146288990974426,0.15244975686073303,0.4221071891514382,0.39044814874799066,1.0624666213989258,0.2870306968688965,0.12680941820144653,0.5272730606049907,0.3561031005220911,1.023705244064331,1.564731335034594,0.31658709049224854,0.14891578257083893,0.4071196721217958,0.3858960774234936,1.1003321409225464
None,0.43987921382067724,0,1.0847033354224207,0,dense_respsann,0.2133968025445938,0.21086812019348145,0.22620446979999542,4,0.0005524098881369977,7245,7245,8377.966061068382,7.214490042792426,0.37530314922332764,0.2133968025445938,0.19107461639806078,0.4619489176787773,1.3182510137557983,0.36708125472068787,0.21086812019348145,0.21391449854605404,0.4592037893936432,1.3078256845474243,4.399635870009661,0.3801794946193695,0.22620446979999542,0.09940917646760739,0.4756095770692548,1.3542733192443848
