compile_time_s,epoch_time_s_mean,grad_nonfinite_steps,grad_norm_max,loss_nonfinite_steps,model,mse_test,mse_train,mse_val,param_mismatch,param_mismatch_ratio,params_analytic,params_empirical,samples_per_sec,step_time_ms_mean,test_mae,test_mse,test_r2,test_rmse,test_smape,train_mae,train_mse,train_r2,train_rmse,train_smape,train_time_s,val_mae,val_mse,val_r2,val_rmse,val_smape
None,0.33892985719721763,0,2.176247519206816,0,geo_sparse,0.09061117470264435,0.09097746759653091,0.09480144083499908,,,2329,2841,10872.955532521282,7.673541934401901,0.24424557387828827,0.09061117470264435,0.6558649690551915,0.30101690102491646,0.907833456993103,0.2412717342376709,0.09097746759653091,0.6594324368803524,0.3016247131727288,0.9034960865974426,3.3900626089889556,0.24004687368869781,0.09480144083499908,0.6313241039358697,0.307898426165187,0.9274755120277405
None,0.20993164479732512,0,1.3426162907124417,0,dense_resrelu,0.11090856790542603,0.11008413881063461,0.11059526354074478,24,0.008447729672650475,2817,2817,17553.083869950264,5.08279941700123,0.26346319913864136,0.11090856790542603,0.5787768608736035,0.3330293799433107,0.9542449712753296,0.26856446266174316,0.11008413881063461,0.5879080039832254,0.33178929881874525,0.9776606559753418,2.099915904982481,0.27141961455345154,0.11059526354074478,0.5699030755507903,0.3325586618038159,1.018981695175171
None,0.2826641319028568,0,1.6253349079847232,0,dense_respsann,0.16406968235969543,0.1766592115163803,0.16451777517795563,170,0.059838085181274196,2671,2671,13037.406161714905,7.770754319650155,0.3209370970726013,0.16406968235969543,0.37687459188948225,0.40505515965075106,1.1627142429351807,0.33745115995407104,0.1766592115163803,0.33868907504685375,0.42030847185891973,1.2107746601104736,2.8272494960110635,0.32478147745132446,0.16451777517795563,0.3602023881149159,0.40560790817975384,1.2167316675186157
