compile_time_s,epoch_time_s_mean,grad_nonfinite_steps,grad_norm_max,loss_nonfinite_steps,model,mse_test,mse_train,mse_val,param_mismatch,param_mismatch_ratio,params_analytic,params_empirical,samples_per_sec,step_time_ms_mean,test_mae,test_mse,test_r2,test_rmse,test_smape,train_mae,train_mse,train_r2,train_rmse,train_smape,train_time_s,val_mae,val_mse,val_r2,val_rmse,val_smape
None,0.3551889007969294,0,2.928183178310957,0,geo_sparse,0.07919000089168549,0.08345158398151398,0.08234404027462006,,,1305,1817,10375.291050510954,8.017395990866202,0.227296382188797,0.07919000089168549,0.7034605552699849,0.28140717988652225,0.8271604180335999,0.23092421889305115,0.08345158398151398,0.7070625695323589,0.2888798781180752,0.8427287936210632,3.552671421028208,0.2317645251750946,0.08234404027462006,0.6902398796443763,0.2869565128632212,0.8496567010879517
None,0.3726836809073575,0,1.2846941553753262,0,dense_resrelu,0.1259831339120865,0.1315990388393402,0.12493433058261871,134,0.07374793615850303,1683,1683,9888.816630130186,4.918389267391628,0.2894412875175476,0.1259831339120865,0.5282362905041998,0.3549410287809603,0.9969052672386169,0.29354482889175415,0.1315990388393402,0.5380520883829665,0.36276581817935966,1.0045433044433594,3.7274429670069367,0.2835087478160858,0.12493433058261871,0.5300245756865064,0.3534605078118611,0.9679065346717834
None,0.6603938309010118,0,1.211163611790851,0,dense_respsann,0.20143461227416992,0.21665164828300476,0.20151296257972717,82,0.045129334067143645,1899,1899,5580.993267465895,21.500260953549986,0.3557473421096802,0.20143461227416992,0.24569633286290427,0.44881467475358905,1.228150486946106,0.3710513710975647,0.21665164828300476,0.23949461236836078,0.46545853551417954,1.2679107189178467,6.604559122992214,0.35106319189071655,0.20151296257972717,0.24195263167326353,0.44890195207832095,1.1977641582489014
