compile_time_s,epoch_time_s_mean,grad_nonfinite_steps,grad_norm_max,loss_nonfinite_steps,model,mse_test,mse_train,mse_val,param_mismatch,param_mismatch_ratio,params_analytic,params_empirical,samples_per_sec,step_time_ms_mean,test_mae,test_mse,test_r2,test_rmse,test_smape,train_mae,train_mse,train_r2,train_rmse,train_smape,train_time_s,val_mae,val_mse,val_r2,val_rmse,val_smape
None,0.3704696745960973,0,2.2807807754286085,0,geo_sparse,0.04654162377119064,0.042886748909950256,0.04367980360984802,,,17481,18377,9946.473839048873,9.19706192723027,0.17270302772521973,0.04654162377119064,0.8394579518687733,0.2157350777485911,0.71209716796875,0.1674722284078598,0.042886748909950256,0.848361600421357,0.2070911608687108,0.6731114387512207,3.7058359169750474,0.16729916632175446,0.04367980360984802,0.8513553720567837,0.20899713780300444,0.7020512223243713
None,0.1657677631068509,0,1.0328318627782713,0,dense_resrelu,0.12387120723724365,0.09117595851421356,0.11516684293746948,202,0.010992000870653534,18175,18175,22227.945311572043,5.1324634022182885,0.28089338541030884,0.12387120723724365,0.5727150085669221,0.35195341628863847,0.9808465242385864,0.24454239010810852,0.09117595851421356,0.6776212390922463,0.30195357012993496,0.8931416273117065,1.6582729300134815,0.2798810601234436,0.11516684293746948,0.6080812874313684,0.3393624064882106,0.9862355589866638
None,0.25670245590736157,0,1.311621151484454,0,dense_respsann,0.23930847644805908,0.22027240693569183,0.22863906621932983,542,0.02949338847472384,18919,18919,14355.691085807324,8.31457065652918,0.3892326056957245,0.23930847644805908,0.17452229142215014,0.4891916561513075,1.3127341270446777,0.37586939334869385,0.22027240693569183,0.22116372947810703,0.4693318729169071,1.2762269973754883,2.567622817994561,0.3877837359905243,0.22863906621932983,0.22192944994442598,0.4781621756468508,1.2937474250793457
