compile_time_s,epoch_time_s_mean,grad_nonfinite_steps,grad_norm_max,loss_nonfinite_steps,model,mse_test,mse_train,mse_val,param_mismatch,param_mismatch_ratio,params_analytic,params_empirical,samples_per_sec,step_time_ms_mean,test_mae,test_mse,test_r2,test_rmse,test_smape,train_mae,train_mse,train_r2,train_rmse,train_smape,train_time_s,val_mae,val_mse,val_r2,val_rmse,val_smape
None,0.250358450593194,0,2.719506603090467,0,geo_sparse,0.07322315126657486,0.06448221951723099,0.0739801675081253,,,17481,17993,14718.235528413412,5.435442942160147,0.22470152378082275,0.07322315126657486,0.7474219049006372,0.2705977665587336,0.8550057411193848,0.21186809241771698,0.06448221951723099,0.7720046022108129,0.253933494279961,0.8053014874458313,2.5043762840214185,0.22376956045627594,0.0739801675081253,0.7482416882224742,0.27199295488693326,0.8467258214950562
None,0.1661654392897617,0,1.8746899529003282,0,dense_resrelu,0.12600181996822357,0.09412328153848648,0.12038261443376541,182,0.010115044739620964,18175,18175,22174.72771778498,5.266731845008002,0.2843984365463257,0.12600181996822357,0.5653656102458064,0.3549673505665325,0.9917149543762207,0.24712464213371277,0.09412328153848648,0.6672001349878794,0.30679517847985566,0.9003177881240845,1.6622526539722458,0.2860018014907837,0.12038261443376541,0.5903317517297839,0.3469619783690504,1.0234309434890747
None,0.3016376633895561,0,1.833562126724886,0,dense_respsann,0.2392326444387436,0.21542850136756897,0.22719930112361908,164,0.009114655699438671,17829,17829,12217.189517683135,8.750327746073404,0.38888099789619446,0.2392326444387436,0.17478386858905925,0.48911414254624,1.3001863956451416,0.3712496757507324,0.21542850136756897,0.23829072651535255,0.4641427596845274,1.2565819025039673,3.0170605069724843,0.38643679022789,0.22719930112361908,0.2268290900561616,0.4766542784069174,1.2766895294189453
