compile_time_s,epoch_time_s_mean,grad_nonfinite_steps,grad_norm_max,loss_nonfinite_steps,model,mse_test,mse_train,mse_val,param_mismatch,param_mismatch_ratio,params_analytic,params_empirical,samples_per_sec,step_time_ms_mean,test_mae,test_mse,test_r2,test_rmse,test_smape,train_mae,train_mse,train_r2,train_rmse,train_smape,train_time_s,val_mae,val_mse,val_r2,val_rmse,val_smape
None,0.17283935719169677,0,3.124454757356867,0,geo_sparse,0.17108698189258575,0.15212829411029816,0.14538945257663727,,,2629,2885,21320.64262020356,2.890465162418507,0.32944291830062866,0.17108698189258575,0.3895696287436764,0.4136266213538313,1.1275889873504639,0.3118613064289093,0.15212829411029816,0.4565424762856626,0.39003627281356557,1.0904808044433594,1.728840948024299,0.3059665560722351,0.14538945257663727,0.4445883081287144,0.38129968866580166,1.1214569807052612
None,0.11278488169773482,0,1.900112133923404,0,dense_resrelu,0.23456348478794098,0.2108200639486313,0.21214132010936737,90,0.03119584055459272,2975,2975,32671.633973545417,2.7892254811746104,0.38285183906555176,0.23456348478794098,0.16308842719444272,0.4843175454058432,1.2761259078979492,0.3663681745529175,0.2108200639486313,0.24687412267983755,0.4591514607933109,1.2567538022994995,1.1281957930186763,0.36751607060432434,0.21214132010936737,0.1895851017630994,0.4605880155945955,1.3128465414047241
None,0.18056228550267406,0,1.7053297010822095,0,dense_respsann,0.23737676441669464,0.21459078788757324,0.21315710246562958,52,0.01802426343154246,2833,2833,20410.025303888702,4.913429339726766,0.38485997915267944,0.23737676441669464,0.1530507767009287,0.48721326379389,1.2840875387191772,0.36953067779541016,0.21459078788757324,0.23340374964493116,0.4632394498394683,1.2689013481140137,1.8059752230183221,0.3704492449760437,0.21315710246562958,0.18570469205632423,0.4616894004259028,1.3413392305374146
