compile_time_s,epoch_time_s_mean,grad_nonfinite_steps,grad_norm_max,loss_nonfinite_steps,model,mse_test,mse_train,mse_val,param_mismatch,param_mismatch_ratio,params_analytic,params_empirical,samples_per_sec,step_time_ms_mean,test_mae,test_mse,test_r2,test_rmse,test_smape,train_mae,train_mse,train_r2,train_rmse,train_smape,train_time_s,val_mae,val_mse,val_r2,val_rmse,val_smape
None,0.19345866919611582,0,2.9593062251756046,0,geo_sparse,0.07553641498088837,0.06491770595312119,0.0714140459895134,,,8773,9029,19047.88135652693,2.925023970780549,0.2304689884185791,0.07553641498088837,0.7136633598267643,0.2748388891348682,0.8603311777114868,0.21158477663993835,0.06491770595312119,0.7579963014933533,0.25478953266003923,0.8257544636726379,1.9351233509951271,0.22300946712493896,0.0714140459895134,0.7156783342997772,0.2672340659225792,0.8895273804664612
None,0.14615082800737583,0,1.921003994297451,0,dense_resrelu,0.14497756958007812,0.11262562870979309,0.13631442189216614,34,0.0037656440358843726,8995,8995,25211.781564192836,2.923444147463198,0.30848178267478943,0.14497756958007812,0.4504320838559228,0.3807592015698086,1.0728603601455688,0.2707274556159973,0.11262562870979309,0.5801481377961009,0.3355974205946659,0.9827994108200073,1.4620148880057968,0.29900190234184265,0.13631442189216614,0.4572895906552845,0.36920783021513254,1.0674307346343994
None,0.3661429986008443,0,1.9043977108845338,0,dense_respsann,0.21320030093193054,0.21140924096107483,0.22383317351341248,232,0.025694982833093367,8797,8797,10065.220086594483,6.090544638810335,0.375034898519516,0.21320030093193054,0.19181949701720136,0.46173618109471404,1.3155782222747803,0.36685290932655334,0.21140924096107483,0.21189728279884534,0.4597926064663011,1.299635648727417,3.662115650018677,0.3772590458393097,0.22383317351341248,0.10885009926330236,0.47311010717740165,1.3325284719467163
