compile_time_s,epoch_time_s_mean,grad_nonfinite_steps,grad_norm_max,loss_nonfinite_steps,model,mse_test,mse_train,mse_val,param_mismatch,param_mismatch_ratio,params_analytic,params_empirical,samples_per_sec,step_time_ms_mean,test_mae,test_mse,test_r2,test_rmse,test_smape,train_mae,train_mse,train_r2,train_rmse,train_smape,train_time_s,val_mae,val_mse,val_r2,val_rmse,val_smape
None,0.36733730950509197,0,2.2917483915220087,0,geo_sparse,0.10649856925010681,0.10427629947662354,0.12414540350437164,,,9289,11337,10032.02419439782,7.7944402871308505,0.2591795325279236,0.10649856925010681,0.5962948134347159,0.3263411853415177,0.9519875645637512,0.2512112855911255,0.10427629947662354,0.6112732230736049,0.32291840993759324,0.930234968662262,3.674233563011512,0.27339237928390503,0.12414540350437164,0.5057382834520144,0.3523427358473162,1.0014728307724
None,0.18321626391843893,0,1.140040142982569,0,dense_resrelu,0.1307930052280426,0.09981032460927963,0.1280391663312912,48,0.004233924318602805,11385,11385,20111.83393089276,5.264854501794885,0.29533037543296814,0.1307930052280426,0.504201653141287,0.3616531559768871,1.0230077505111694,0.25547975301742554,0.09981032460927963,0.6279217190167043,0.315927720545823,0.947592556476593,1.8327518080477603,0.2903774082660675,0.1280391663312912,0.49023599084275016,0.3578256088254322,1.051690697669983
None,0.32227066010818817,0,1.24395803275966,0,dense_respsann,0.20958422124385834,0.20438246428966522,0.2225874811410904,242,0.021346035106289143,11095,11095,11435.47720517141,8.749821609920925,0.37244948744773865,0.20958422124385834,0.20552700628598586,0.45780369291199297,1.3140045404434204,0.3605829179286957,0.20438246428966522,0.2380920752600053,0.452086788448485,1.2807317972183228,3.2233023020089604,0.3759304881095886,0.2225874811410904,0.11380959715405436,0.4717917773139867,1.3361859321594238
