compile_time_s,epoch_time_s_mean,grad_nonfinite_steps,grad_norm_max,loss_nonfinite_steps,model,mse_test,mse_train,mse_val,param_mismatch,param_mismatch_ratio,params_analytic,params_empirical,samples_per_sec,step_time_ms_mean,test_mae,test_mse,test_r2,test_rmse,test_smape,train_mae,train_mse,train_r2,train_rmse,train_smape,train_time_s,val_mae,val_mse,val_r2,val_rmse,val_smape
None,0.3413710339867976,0,3.25378100896087,0,geo_sparse,0.12124484777450562,0.11037163436412811,0.1096109002828598,,,4677,5125,10795.035125007622,5.3086648870397495,0.28165295720100403,0.12124484777450562,0.5674040384535226,0.34820230868635205,0.9977090358734131,0.26746994256973267,0.11037163436412811,0.6057124286327961,0.3322222665086254,0.954579770565033,3.4145326599827968,0.2668071389198303,0.1096109002828598,0.5812682706148409,0.33107536948987887,1.0122820138931274
None,0.16661120080389083,0,1.7476741019985462,0,dense_resrelu,0.20103764533996582,0.1790328323841095,0.18957114219665527,46,0.00897560975609756,5171,5171,22117.82035012819,2.5729291880572283,0.35567235946655273,0.20103764533996582,0.2827070585743342,0.4483722174042074,1.2054169178009033,0.33891257643699646,0.1790328323841095,0.36042965307544306,0.42312271551419867,1.1761202812194824,1.666529495967552,0.3487834632396698,0.18957114219665527,0.27580694245510284,0.43539768281038804,1.2646013498306274
None,0.3737174450943712,0,1.5784749339801265,0,dense_respsann,0.23641341924667358,0.214009627699852,0.21229450404644012,120,0.023414634146341463,5005,5005,9862.127429051088,12.313156693070024,0.3839609622955322,0.23641341924667358,0.15648794733354376,0.48622363090112514,1.277504801750183,0.369070440530777,0.214009627699852,0.2354798595980142,0.46261174617583156,1.2684768438339233,3.737530291022267,0.3698175251483917,0.21229450404644012,0.18899991604660704,0.4607542772958707,1.338731288909912
