compile_time_s,epoch_time_s_mean,grad_nonfinite_steps,grad_norm_max,loss_nonfinite_steps,model,mse_test,mse_train,mse_val,param_mismatch,param_mismatch_ratio,params_analytic,params_empirical,samples_per_sec,step_time_ms_mean,test_mae,test_mse,test_r2,test_rmse,test_smape,train_mae,train_mse,train_r2,train_rmse,train_smape,train_time_s,val_mae,val_mse,val_r2,val_rmse,val_smape
None,0.22322550991084428,0,2.6449656132234702,0,geo_sparse,0.08485618233680725,0.0796179547905922,0.09289515763521194,,,8773,9797,16508.915965345666,4.180212109177201,0.23116588592529297,0.08485618233680725,0.6783348249397803,0.29130084506710113,0.8581212759017944,0.222963348031044,0.0796179547905922,0.7031959218402508,0.2821665373331717,0.8525504469871521,2.232732910953928,0.24224376678466797,0.09289515763521194,0.6301553148225074,0.3047870693372866,0.9442281723022461
None,0.10213331769336946,0,1.134354157089308,0,dense_resrelu,0.14881402254104614,0.11924154311418533,0.13749372959136963,252,0.025722159844850465,9545,9545,36077.794982905536,2.8381428100444652,0.3116436302661896,0.14881402254104614,0.4358892034279308,0.38576420588365395,1.073922038078308,0.2791193127632141,0.11924154311418533,0.555484976221064,0.345313687991347,0.9985448122024536,1.021681064972654,0.3014276325702667,0.13749372959136963,0.4525944294162242,0.3708014692411151,1.067305564880371
None,0.39984546590712855,0,1.000657154665782,0,dense_respsann,0.21323832869529724,0.21141557395458221,0.22784148156642914,108,0.0110237827906502,9905,9905,9217.542002292628,4.513386655736853,0.3749179244041443,0.21323832869529724,0.19167534479607096,0.4617773583614697,1.3174259662628174,0.367029070854187,0.21141557395458221,0.2118736408994243,0.4597994932082703,1.3050175905227661,3.998896884964779,0.3816477060317993,0.22784148156642914,0.09289173702740838,0.47732743642747916,1.360212802886963
