compile_time_s,epoch_time_s_mean,grad_nonfinite_steps,grad_norm_max,loss_nonfinite_steps,model,mse_test,mse_train,mse_val,param_mismatch,param_mismatch_ratio,params_analytic,params_empirical,samples_per_sec,step_time_ms_mean,test_mae,test_mse,test_r2,test_rmse,test_smape,train_mae,train_mse,train_r2,train_rmse,train_smape,train_time_s,val_mae,val_mse,val_r2,val_rmse,val_smape
None,0.29455769520136527,0,2.4259930091235438,0,geo_sparse,0.06094764545559883,0.06039959937334061,0.06997636705636978,,,2197,2309,12511.014482868122,7.572154115747522,0.1965174823999405,0.06094764545559883,0.784048602125149,0.24687576927596364,0.7337549924850464,0.19766589999198914,0.06039959937334061,0.7873889955746863,0.24576329948415937,0.7606534361839294,2.9462039269856177,0.21413592994213104,0.06997636705636978,0.7852145879897346,0.2645304652707695,0.7581480741500854
None,0.14715873379609548,0,2.0552819154920776,0,dense_resrelu,0.10938691347837448,0.10420313477516174,0.1230713427066803,54,0.02338674750974448,2255,2255,25041.718562303082,4.544581907766837,0.2671928107738495,0.10938691347837448,0.6124172361657603,0.3307369248789353,0.92840576171875,0.2616317570209503,0.10420313477516174,0.6331973541145065,0.3228051033908258,0.927807092666626,1.471943704993464,0.29210907220840454,0.1230713427066803,0.6222449125995908,0.35081525438139133,0.9647839665412903
None,0.20602317179436797,0,1.7640822238340153,0,dense_respsann,0.2002939134836197,0.20198017358779907,0.22526201605796814,126,0.05456907752273712,2435,2435,17888.03041311731,6.489880879720052,0.3615840673446655,0.2002939134836197,0.2903130173564612,0.4475420801261259,1.2349705696105957,0.3610580861568451,0.20198017358779907,0.2890150310982008,0.4494220439495587,1.2321172952651978,2.060595781018492,0.37703555822372437,0.22526201605796814,0.3085809265121924,0.47461775784094734,1.1964277029037476
