compile_time_s,epoch_time_s_mean,grad_nonfinite_steps,grad_norm_max,loss_nonfinite_steps,model,mse_test,mse_train,mse_val,param_mismatch,param_mismatch_ratio,params_analytic,params_empirical,samples_per_sec,step_time_ms_mean,test_mae,test_mse,test_r2,test_rmse,test_smape,train_mae,train_mse,train_r2,train_rmse,train_smape,train_time_s,val_mae,val_mse,val_r2,val_rmse,val_smape
None,0.33530917879543265,0,3.2180995225747107,0,geo_sparse,0.11548466980457306,0.10540345311164856,0.11841114610433578,,,9289,11337,10990.218322033988,8.880240546332466,0.26143336296081543,0.11548466980457306,0.5879560847740077,0.33983035444847043,0.9141103029251099,0.2573126256465912,0.10540345311164856,0.6234605748512261,0.32465897971817836,0.9221768975257874,3.3538915169774555,0.2721918225288391,0.11841114610433578,0.5476498772439317,0.34410920665442213,1.0279302597045898
None,0.15574172830674798,0,1.685934527534175,0,dense_resrelu,0.13793879747390747,0.1056719496846199,0.12887240946292877,48,0.004233924318602805,11385,11385,23658.40023801996,4.892437352074517,0.30233514308929443,0.13793879747390747,0.5078408045942789,0.37140112745373766,1.0421631336212158,0.26318296790122986,0.1056719496846199,0.622501401050353,0.325072222259331,0.9501250982284546,1.5580089790164493,0.29167741537094116,0.12887240946292877,0.5076861072915833,0.358988035264309,1.0723687410354614
None,0.5705442286038306,0,2.0159219998267264,0,dense_respsann,0.2370009571313858,0.21306847035884857,0.21392297744750977,242,0.021346035106289143,11095,11095,6459.824024414731,7.341250437277335,0.38481640815734863,0.2370009571313858,0.1543916395658539,0.48682744081592794,1.281928539276123,0.36796170473098755,0.21306847035884857,0.2388420255242567,0.4615934037211197,1.2639081478118896,5.70603778999066,0.3708304464817047,0.21392297744750977,0.1827789056472625,0.46251808337351497,1.3403654098510742
