compile_time_s,epoch_time_s_mean,grad_nonfinite_steps,grad_norm_max,loss_nonfinite_steps,model,mse_test,mse_train,mse_val,param_mismatch,param_mismatch_ratio,params_analytic,params_empirical,samples_per_sec,step_time_ms_mean,test_mae,test_mse,test_r2,test_rmse,test_smape,train_mae,train_mse,train_r2,train_rmse,train_smape,train_time_s,val_mae,val_mse,val_r2,val_rmse,val_smape
None,0.36140232550096696,0,2.2705393775954357,0,geo_sparse,0.06679053604602814,0.06959743797779083,0.0736062228679657,,,1305,1529,10196.068290952166,8.462269606413665,0.20634615421295166,0.06679053604602814,0.7633459091630026,0.25843865044924713,0.755877673625946,0.21225261688232422,0.06959743797779083,0.7550119204038074,0.2638132634607116,0.7869992852210999,3.615118980000261,0.21627305448055267,0.0736062228679657,0.7740731091269691,0.2713046679804196,0.7651035785675049
None,0.2587353142851498,0,1.9208028462519398,0,dense_resrelu,0.11977380514144897,0.11963599175214767,0.13649322092533112,154,0.10071942446043165,1683,1683,14241.629641818798,4.430900149875217,0.28026747703552246,0.11977380514144897,0.575614111821118,0.34608352336025616,0.9441116452217102,0.2808094024658203,0.11963599175214767,0.5788725516425512,0.3458843618207503,0.9574423432350159,2.5881869510049,0.30009350180625916,0.13649322092533112,0.5810478270812758,0.36944988959983616,0.9503427147865295
None,0.44415246130083685,0,1.8503684511267096,0,dense_respsann,0.1804749071598053,0.17987626791000366,0.20543226599693298,32,0.020928711576193592,1561,1561,8297.42156119908,23.52756401344582,0.34404608607292175,0.1804749071598053,0.3605362735318982,0.4248233834898984,1.1726300716400146,0.3399169147014618,0.17987626791000366,0.3668223762492351,0.4241182239777061,1.1549216508865356,4.442343892995268,0.3617592751979828,0.20543226599693298,0.3694463883004012,0.45324636346796315,1.1374608278274536
