compile_time_s,epoch_time_s_mean,grad_nonfinite_steps,grad_norm_max,loss_nonfinite_steps,model,mse_test,mse_train,mse_val,param_mismatch,param_mismatch_ratio,params_analytic,params_empirical,samples_per_sec,step_time_ms_mean,test_mae,test_mse,test_r2,test_rmse,test_smape,train_mae,train_mse,train_r2,train_rmse,train_smape,train_time_s,val_mae,val_mse,val_r2,val_rmse,val_smape
None,0.38389244400314054,0,2.79508834986601,0,geo_sparse,0.03099302016198635,0.028055904433131218,0.027125628665089607,,,4377,4601,9598.662034566792,9.990020787274396,0.13862724602222443,0.03099302016198635,0.8839417491368338,0.176048346092732,0.5767453908920288,0.13130006194114685,0.028055904433131218,0.9015162558953559,0.16749896845393172,0.5621952414512634,3.8401185360271484,0.12823867797851562,0.027125628665089607,0.8979593633169589,0.16469859946304827,0.5801735520362854
None,0.17101827270234934,0,1.6606588973049197,0,dense_resrelu,0.09656144678592682,0.08823016285896301,0.09020236879587173,176,0.03825255379265377,4777,4777,21545.519438215677,5.178990205128987,0.2527761161327362,0.09656144678592682,0.6384104370526394,0.3107433777024489,0.9202592372894287,0.24038128554821014,0.08823016285896301,0.6902884873594967,0.29703562557202295,0.8695271611213684,1.7107965350151062,0.24527184665203094,0.09020236879587173,0.6606785655885509,0.3003370919414912,0.8920183181762695
None,0.22998421040247194,0,1.708696773598868,0,dense_respsann,0.1444660723209381,0.14362555742263794,0.13205717504024506,2,0.0004346881112801565,4599,4599,16022.747592938615,7.394460430851689,0.30533865094184875,0.1444660723209381,0.45902401330980225,0.38008692732181426,1.0513733625411987,0.30515632033348083,0.14362555742263794,0.4958357891261562,0.3789796266590566,1.0417853593826294,2.3004793520085514,0.2947758436203003,0.13205717504024506,0.5032300213696752,0.3633967185325771,1.0552113056182861
