epoch,step,loss,ppl,lr,grad_norm,toks
1,50,5.521000,249.895000,5e-06,4.347000,32768
1,100,4.718600,112.016000,1e-05,1.870000,32768
1,150,3.843500,46.689000,1.5e-05,2.096000,32768
1,200,2.869900,17.636000,2e-05,1.438000,32768
1,250,2.272600,9.705000,2.5e-05,1.246000,32768
1,300,1.838700,6.288000,3e-05,3.052000,32768
1,350,1.653400,5.225000,3.5e-05,3.264000,32768
