compile_time_s,epoch_time_s_mean,grad_nonfinite_steps,grad_norm_max,loss_nonfinite_steps,model,mse_test,mse_train,mse_val,param_mismatch,param_mismatch_ratio,params_analytic,params_empirical,samples_per_sec,step_time_ms_mean,test_mae,test_mse,test_r2,test_rmse,test_smape,train_mae,train_mse,train_r2,train_rmse,train_smape,train_time_s,val_mae,val_mse,val_r2,val_rmse,val_smape
None,0.6419321296154521,0,2.4928205176954714,0,geo_sparse,0.028857998549938202,0.02538827806711197,0.033561840653419495,,,17481,18377,5741.011868509483,10.113667594061958,0.13258789479732513,0.028857998549938202,0.8970360072187549,0.16987642140667492,0.5660204887390137,0.12566310167312622,0.02538827806711197,0.9093038468577727,0.15933699528707063,0.5467411875724792,6.420470962999389,0.14584912359714508,0.033561840653419495,0.8717882317958157,0.18319891007705122,0.6963731050491333
None,0.454892863513669,0,1.648963424631327,0,dense_resrelu,0.14673861861228943,0.1206689402461052,0.14101827144622803,202,0.010992000870653534,18175,18175,8101.251204641239,12.271612343964753,0.312436044216156,0.14673861861228943,0.476443453229087,0.3830647707794198,1.0802388191223145,0.28067055344581604,0.1206689402461052,0.5689267084739855,0.34737435173902115,0.9992808699607849,4.5499144599889405,0.30475133657455444,0.14101827144622803,0.4612869294519236,0.37552399583279367,1.1256191730499268
None,0.7001519387005828,0,1.326446443596627,0,dense_respsann,0.23276087641716003,0.2068961262702942,0.2069866955280304,542,0.02949338847472384,18919,18919,5264.104194746701,21.438171245433665,0.3820056617259979,0.23276087641716003,0.169520049780996,0.4824529784519524,1.2721266746520996,0.36289796233177185,0.2068961262702942,0.26089184293518664,0.4548583584702981,1.2477065324783325,7.002141036035027,0.3660532832145691,0.2069866955280304,0.20927661534041042,0.45495790522644003,1.3328056335449219
