compile_time_s,epoch_time_s_mean,grad_nonfinite_steps,grad_norm_max,loss_nonfinite_steps,model,mse_test,mse_train,mse_val,param_mismatch,param_mismatch_ratio,params_analytic,params_empirical,samples_per_sec,step_time_ms_mean,test_mae,test_mse,test_r2,test_rmse,test_smape,train_mae,train_mse,train_r2,train_rmse,train_smape,train_time_s,val_mae,val_mse,val_r2,val_rmse,val_smape
None,1.0289391808968502,0,2.517141430795719,0,geo_sparse,0.0964796245098114,0.0981985479593277,0.11409962177276611,,,2329,2841,3581.813874666494,12.70614281407109,0.2492433488368988,0.0964796245098114,0.6581507025646625,0.310611694097005,0.9062461256980896,0.2479822337627411,0.0981985479593277,0.654333936144033,0.3133664754872922,0.8997569680213928,10.290875318984035,0.2619342505931854,0.11409962177276611,0.6497827069852473,0.33778635521993206,0.889744222164154
None,0.5343313541088719,0,1.4132590478966793,0,dense_resrelu,0.12476279586553574,0.11611630022525787,0.14384806156158447,24,0.008447729672650475,2817,2817,6897.247665134784,14.91887883786802,0.28655940294265747,0.12476279586553574,0.557936980690005,0.353217773994367,0.9774640798568726,0.2781051695346832,0.11611630022525787,0.5912621417510934,0.3407584191553569,0.9752657413482666,5.344160713022575,0.30523326992988586,0.14384806156158447,0.5584728625904407,0.3792730699134655,0.9767313003540039
None,0.8663938164070715,0,1.3355498821700782,0,dense_respsann,0.16380327939987183,0.16725404560565948,0.18345694243907928,170,0.059838085181274196,2671,2671,4253.901746773498,21.07292917039659,0.32904043793678284,0.16380327939987183,0.41960765016497326,0.40472617829820673,1.1212800741195679,0.3302525281906128,0.16725404560565948,0.41125352334169063,0.4089670470901775,1.130389928817749,8.664986215997487,0.3447987735271454,0.18345694243907928,0.43689740941307587,0.42831873930413,1.0950785875320435
