compile_time_s,epoch_time_s_mean,grad_nonfinite_steps,grad_norm_max,loss_nonfinite_steps,model,mse_test,mse_train,mse_val,param_mismatch,param_mismatch_ratio,params_analytic,params_empirical,samples_per_sec,step_time_ms_mean,test_mae,test_mse,test_r2,test_rmse,test_smape,train_mae,train_mse,train_r2,train_rmse,train_smape,train_time_s,val_mae,val_mse,val_r2,val_rmse,val_smape
None,0.3371318945894018,0,2.4293670735172315,0,geo_sparse,0.154280424118042,0.14382407069206238,0.1582745462656021,,,5193,7241,10930.907473328874,7.865635483353226,0.30962491035461426,0.154280424118042,0.46782056001671957,0.3927854683132282,1.0837165117263794,0.2993314266204834,0.14382407069206238,0.4914687613363238,0.37924144115861386,1.0485076904296875,3.3720896540326066,0.3170054256916046,0.1582745462656021,0.46138356875010766,0.39783733643991,1.0901739597320557
None,0.17253107628785075,0,1.3812398604199323,0,dense_resrelu,0.19431044161319733,0.17120052874088287,0.18913955986499786,254,0.03507802789669935,7495,7495,21356.89163869388,5.187496273605912,0.3532066345214844,0.19431044161319733,0.32973983840298227,0.44080658072809814,1.2118581533432007,0.3314429223537445,0.17120052874088287,0.3946713979559313,0.4137638562524316,1.157575011253357,1.7259065890102647,0.3458707630634308,0.18913955986499786,0.35634833728987525,0.43490178185999406,1.1689709424972534
None,0.2691151578095742,0,1.5404286449985205,0,dense_respsann,0.23861312866210938,0.2198336273431778,0.22880837321281433,4,0.0005524098881369977,7245,7245,13693.137706671194,8.634469968301278,0.38866037130355835,0.23861312866210938,0.17692084455963186,0.48848042812594794,1.3072538375854492,0.3755311071872711,0.2198336273431778,0.22271512990709863,0.46886418859108636,1.2699929475784302,2.691859294020105,0.38858112692832947,0.22880837321281433,0.22135331969567562,0.47833918218437255,1.300270915031433
