compile_time_s,epoch_time_s_mean,grad_nonfinite_steps,grad_norm_max,loss_nonfinite_steps,model,mse_test,mse_train,mse_val,param_mismatch,param_mismatch_ratio,params_analytic,params_empirical,samples_per_sec,step_time_ms_mean,test_mae,test_mse,test_r2,test_rmse,test_smape,train_mae,train_mse,train_r2,train_rmse,train_smape,train_time_s,val_mae,val_mse,val_r2,val_rmse,val_smape
None,0.4390644739149138,0,3.228651640776133,0,geo_sparse,0.10396017134189606,0.09331607073545456,0.10227840393781662,,,5193,5705,8393.13669223547,6.2125250675060135,0.2594781219959259,0.10396017134189606,0.605917143653111,0.32242855230561707,0.9399670362472534,0.2451663315296173,0.09331607073545456,0.6521313326648581,0.3054767924662274,0.9103534817695618,4.391683508991264,0.25374892354011536,0.10227840393781662,0.5927976485891662,0.3198099497167288,0.9693540930747986
None,0.5048815380025189,0,1.4709395306544293,0,dense_resrelu,0.21254807710647583,0.20698849856853485,0.22540894150733948,160,0.028045574057843997,5545,5545,7299.415794743055,13.413789643181694,0.3746180534362793,0.21254807710647583,0.1942918883647241,0.461029366859071,1.3136951923370361,0.3631353974342346,0.20698849856853485,0.22837716817205278,0.45495988676864124,1.288567066192627,5.049719188013114,0.37908223271369934,0.22540894150733948,0.10257647482330445,0.47477251553490274,1.3311775922775269
None,0.9307259923021775,0,1.3914919395219705,0,dense_respsann,0.21429650485515594,0.2111320197582245,0.22593985497951508,224,0.0392638036809816,5929,5929,3959.8489327753937,30.847550921969944,0.3753124177455902,0.21429650485515594,0.18766410589358895,0.46292170488664275,1.3096797466278076,0.36647626757621765,0.2111320197582245,0.21293073627171077,0.4594910442633507,1.2977657318115234,9.308435908984393,0.3802434504032135,0.22593985497951508,0.1004627447197679,0.4753313107502125,1.349173903465271
