compile_time_s,epoch_time_s_mean,grad_nonfinite_steps,grad_norm_max,loss_nonfinite_steps,model,mse_test,mse_train,mse_val,param_mismatch,param_mismatch_ratio,params_analytic,params_empirical,samples_per_sec,step_time_ms_mean,test_mae,test_mse,test_r2,test_rmse,test_smape,train_mae,train_mse,train_r2,train_rmse,train_smape,train_time_s,val_mae,val_mse,val_r2,val_rmse,val_smape
None,0.2552123660047073,0,2.4617967520835924,0,geo_sparse,0.12687665224075317,0.11118035763502121,0.1231357678771019,,,5193,5705,14438.626887876213,5.065674658174868,0.2835911810398102,0.12687665224075317,0.5473100228063654,0.3561974905031662,0.9882323741912842,0.26843541860580444,0.11118035763502121,0.6028233723001017,0.3334371869408408,0.9713443517684937,2.5528743339818902,0.2782893776893616,0.1231357678771019,0.5296010351360945,0.3509070644445647,1.017693042755127
None,0.18412849089945665,0,1.2597585036441856,0,dense_resrelu,0.22404399514198303,0.19609306752681732,0.20613794028759003,160,0.028045574057843997,5545,5545,20011.602603467527,7.7618927779021085,0.3755992650985718,0.22404399514198303,0.2006214755828979,0.4733328587178192,1.2697733640670776,0.3534010052680969,0.19609306752681732,0.2994842880647073,0.4428239690066667,1.229313850402832,1.8419314399943687,0.3586702048778534,0.20613794028759003,0.21251902191240424,0.4540241626693342,1.302497386932373
None,0.25966664860607125,0,1.0992179926905126,0,dense_respsann,0.2367999255657196,0.21454091370105743,0.21293368935585022,224,0.0392638036809816,5929,5929,14191.800384650778,8.58520057466295,0.3847038745880127,0.2367999255657196,0.1551089108152871,0.4866209259430996,1.2835232019424438,0.36943525075912476,0.21454091370105743,0.2335819199494782,0.4631856147389051,1.2726988792419434,2.5972744120517746,0.3702801465988159,0.21293368935585022,0.18655815897957606,0.46144738525193774,1.3460379838943481
