compile_time_s,epoch_time_s_mean,grad_nonfinite_steps,grad_norm_max,loss_nonfinite_steps,model,mse_test,mse_train,mse_val,param_mismatch,param_mismatch_ratio,params_analytic,params_empirical,samples_per_sec,step_time_ms_mean,test_mae,test_mse,test_r2,test_rmse,test_smape,train_mae,train_mse,train_r2,train_rmse,train_smape,train_time_s,val_mae,val_mse,val_r2,val_rmse,val_smape
None,0.5159715813002549,0,2.3775555949670317,0,geo_sparse,0.07078927755355835,0.07187404483556747,0.08796537667512894,,,4377,4601,7142.10340896673,13.284330579969618,0.21751374006271362,0.07078927755355835,0.7491774566848763,0.26606254443938243,0.7989160418510437,0.22400425374507904,0.07187404483556747,0.7469980994734412,0.26809335097231984,0.8466314077377319,5.160944597038906,0.24989713728427887,0.08796537667512894,0.7299991501103829,0.2965895761403778,0.8533737659454346
None,0.2370502311969176,0,1.8488808876904732,0,dense_resrelu,0.12341354787349701,0.11973489820957184,0.14084643125534058,176,0.03825255379265377,4777,4777,15545.536571246243,7.851145497074834,0.28496691584587097,0.12341354787349701,0.5627176738206834,0.3513026442734199,0.9670560359954834,0.2812172472476959,0.11973489820957184,0.5785243996111515,0.34602730847372704,0.974942684173584,2.3710985999787226,0.30509403347969055,0.14084643125534058,0.5676860829889796,0.37529512554167366,0.9612321853637695
None,0.2959570299019106,0,2.0057105253862377,0,dense_respsann,0.1267184019088745,0.12750361859798431,0.14145323634147644,2,0.0004346881112801565,4599,4599,12451.959509922792,12.442514914053458,0.29006436467170715,0.1267184019088745,0.551007822794001,0.3559752827218127,0.9924256205558777,0.2894466519355774,0.12750361859798431,0.5511779406023374,0.35707648844188034,1.0029003620147705,2.960176667023916,0.30622774362564087,0.14145323634147644,0.5658235510353004,0.3761026938769203,0.9700002074241638
