compile_time_s,epoch_time_s_mean,grad_nonfinite_steps,grad_norm_max,loss_nonfinite_steps,model,mse_test,mse_train,mse_val,param_mismatch,param_mismatch_ratio,params_analytic,params_empirical,samples_per_sec,step_time_ms_mean,test_mae,test_mse,test_r2,test_rmse,test_smape,train_mae,train_mse,train_r2,train_rmse,train_smape,train_time_s,val_mae,val_mse,val_r2,val_rmse,val_smape
None,0.3703232114028651,0,2.7354955805861914,0,geo_sparse,0.09235794842243195,0.09560678899288177,0.09188929200172424,,,1305,1529,9950.493729171003,8.133911662631565,0.24615833163261414,0.09235794842243195,0.6541510994670678,0.30390450543292696,0.8955177068710327,0.24827975034713745,0.09560678899288177,0.6643945497093156,0.30920347506598594,0.8885167241096497,3.704338799987454,0.23994407057762146,0.09188929200172424,0.6543327282512035,0.30313246609646455,0.8821421265602112
None,0.1627602525113616,0,1.4330901371387847,0,dense_resrelu,0.12634961307048798,0.13130109012126923,0.1251429170370102,154,0.10071942446043165,1683,1683,22638.52236134879,5.18097898695204,0.2905985116958618,0.12634961307048798,0.5268639515104656,0.35545690747330816,1.0010896921157837,0.2933918535709381,0.13130109012126923,0.5390979654991623,0.36235492286054183,0.9987554550170898,1.6281981399515644,0.2850882411003113,0.1251429170370102,0.5292399429245991,0.3537554480668958,0.9780222773551941
None,0.2433130532037467,0,1.7360587772897345,0,dense_respsann,0.20229250192642212,0.21642005443572998,0.20131362974643707,32,0.020928711576193592,1561,1561,15145.438324366203,7.753354708353679,0.35662513971328735,0.20229250192642212,0.24248382979112815,0.44976938749366,1.2344632148742676,0.370817631483078,0.21642005443572998,0.2403076105746148,0.4652096886735378,1.266904592514038,2.4337360999779776,0.3518703877925873,0.20131362974643707,0.24270247431270953,0.44867987446110963,1.2016844749450684
