compile_time_s,epoch_time_s_mean,grad_nonfinite_steps,grad_norm_max,loss_nonfinite_steps,model,mse_test,mse_train,mse_val,param_mismatch,param_mismatch_ratio,params_analytic,params_empirical,samples_per_sec,step_time_ms_mean,test_mae,test_mse,test_r2,test_rmse,test_smape,train_mae,train_mse,train_r2,train_rmse,train_smape,train_time_s,val_mae,val_mse,val_r2,val_rmse,val_smape
None,0.27512775929644706,0,2.306376872589379,0,geo_sparse,0.07224227488040924,0.0662696436047554,0.07130860537290573,,,17481,17993,13393.597677019177,5.860444439782037,0.22722464799880981,0.07224227488040924,0.7422429328764688,0.2687792307459958,0.876349151134491,0.2148275226354599,0.0662696436047554,0.7632607626517184,0.2574289098076504,0.8251850605010986,2.7520611630170606,0.2252352386713028,0.07130860537290573,0.7275893490512662,0.26703671165760284,0.9006274938583374
None,0.1708522016007919,0,1.5777852778187686,0,dense_resrelu,0.1450178325176239,0.1207272857427597,0.14372725784778595,182,0.010115044739620964,18175,18175,21566.773090696286,7.035773630495425,0.3117133677005768,0.1450178325176239,0.4825831377509572,0.3808120698161022,1.0712432861328125,0.28059685230255127,0.1207272857427597,0.5687182811605489,0.34745832231040275,0.993007242679596,1.7091105769504793,0.30715465545654297,0.14372725784778595,0.4509381276289195,0.3791137795540884,1.10677969455719
None,0.735266598709859,0,1.2945599478240273,0,dense_respsann,0.23424240946769714,0.20828720927238464,0.20953060686588287,164,0.009114655699438671,17829,17829,5012.425308033715,8.730467566737422,0.3826689124107361,0.23424240946769714,0.16423400896091955,0.4839859599902637,1.2825782299041748,0.364499032497406,0.20828720927238464,0.2559224175983045,0.45638493541350006,1.2601860761642456,7.353725538996514,0.36740797758102417,0.20953060686588287,0.19955849472206133,0.45774513308814424,1.3360669612884521
