compile_time_s,epoch_time_s_mean,grad_nonfinite_steps,grad_norm_max,loss_nonfinite_steps,model,mse_test,mse_train,mse_val,param_mismatch,param_mismatch_ratio,params_analytic,params_empirical,samples_per_sec,step_time_ms_mean,test_mae,test_mse,test_r2,test_rmse,test_smape,train_mae,train_mse,train_r2,train_rmse,train_smape,train_time_s,val_mae,val_mse,val_r2,val_rmse,val_smape
None,0.19414901139680296,0,3.4121472588368116,0,geo_sparse,0.09636995196342468,0.08497602492570877,0.08865473419427872,,,8773,9029,18980.940610997255,4.649039409778736,0.25573664903640747,0.09636995196342468,0.6675786486827953,0.31043510104919625,0.9435473680496216,0.2380162626504898,0.08497602492570877,0.6995428936633215,0.2915064749293037,0.8729199171066284,1.9419480180367827,0.24143323302268982,0.08865473419427872,0.6983033603756131,0.2977494486884547,0.8858773708343506
None,0.09484406239935197,0,2.0593985364171945,0,dense_resrelu,0.15091441571712494,0.11751841753721237,0.13431067764759064,34,0.0037656440358843726,8995,8995,38849.586140745756,3.0258548348038286,0.30994486808776855,0.15091441571712494,0.47943136855590596,0.388477046576918,1.050987720489502,0.27622005343437195,0.11751841753721237,0.5844799242999963,0.3428095937064953,0.9751445055007935,0.9487874559708871,0.29469916224479675,0.13431067764759064,0.5429338302567548,0.36648421200317843,1.0305616855621338
None,0.1444549700070638,0,1.5554934074316331,0,dense_respsann,0.23757842183113098,0.21945878863334656,0.22955329716205597,232,0.025694982833093367,8797,8797,25510.278869739588,4.658565927434851,0.38741421699523926,0.23757842183113098,0.18048999278439715,0.4874201697007737,1.3042378425598145,0.3752410411834717,0.21945878863334656,0.22404047716013975,0.4684642874684756,1.2736952304840088,1.4449077639728785,0.38941970467567444,0.22955329716205597,0.21881829594122637,0.47911720608015734,1.2943129539489746
