compile_time_s,epoch_time_s_mean,grad_nonfinite_steps,grad_norm_max,loss_nonfinite_steps,model,mse_test,mse_train,mse_val,param_mismatch,param_mismatch_ratio,params_analytic,params_empirical,samples_per_sec,step_time_ms_mean,test_mae,test_mse,test_r2,test_rmse,test_smape,train_mae,train_mse,train_r2,train_rmse,train_smape,train_time_s,val_mae,val_mse,val_r2,val_rmse,val_smape
None,0.277248567197239,0,2.2720964781603414,0,geo_sparse,0.08479858934879303,0.07477284967899323,0.08133073151111603,,,8773,9029,13291.708174697742,4.543444086004187,0.2443397343158722,0.08479858934879303,0.6785531432527384,0.2912019734630812,0.8966264724731445,0.22448235750198364,0.07477284967899323,0.7212577465800727,0.27344624641598797,0.8626137375831604,2.7731574840145186,0.23803342878818512,0.08133073151111603,0.6761968993933074,0.28518543355353204,0.9274114966392517
None,0.13940893360413611,0,1.217688856073612,0,dense_resrelu,0.14714542031288147,0.11518233269453049,0.13298138976097107,34,0.0037656440358843726,8995,8995,26432.912366968445,5.215824657016331,0.3114091157913208,0.14714542031288147,0.44221439050384814,0.383595386198637,1.085457444190979,0.2745102345943451,0.11518233269453049,0.5706171190067785,0.33938522757263684,0.9955927133560181,1.394473658001516,0.2961618900299072,0.13298138976097107,0.47055946837513485,0.36466613465054726,1.0627129077911377
None,0.2007422864844557,0,1.3266905669118692,0,dense_respsann,0.2128635048866272,0.21158435940742493,0.22377876937389374,232,0.025694982833093367,8797,8797,18358.635404127333,6.582699881659614,0.3747672736644745,0.2128635048866272,0.19309619313867055,0.4613713308026705,1.3184514045715332,0.3672267198562622,0.21158435940742493,0.21124444538819998,0.4599829990417308,1.3072118759155273,2.0077744989539497,0.3775025010108948,0.22377876937389374,0.1090666508420286,0.47305260740629446,1.339664340019226
