compile_time_s,epoch_time_s_mean,grad_nonfinite_steps,grad_norm_max,loss_nonfinite_steps,model,mse_test,mse_train,mse_val,param_mismatch,param_mismatch_ratio,params_analytic,params_empirical,samples_per_sec,step_time_ms_mean,test_mae,test_mse,test_r2,test_rmse,test_smape,train_mae,train_mse,train_r2,train_rmse,train_smape,train_time_s,val_mae,val_mse,val_r2,val_rmse,val_smape
None,0.24238695378880948,0,2.250612120958116,0,geo_sparse,0.1787463128566742,0.17565490305423737,0.18763762712478638,,,2629,3077,15202.714258166077,6.1896924707624645,0.3398905396461487,0.1787463128566742,0.32242457257623747,0.4227840026025987,1.195420503616333,0.33424797654151917,0.17565490305423737,0.34518420064330657,0.4191120411706604,1.1950639486312866,2.4245670459931716,0.34389597177505493,0.18763762712478638,0.2529558771898436,0.4331715908560791,1.2462775707244873
None,0.09693942689336836,0,1.1995637222868363,0,dense_resrelu,0.21304911375045776,0.20601223409175873,0.22156231105327606,102,0.03314917127071823,2975,2975,38010.156980576205,2.8440995657885515,0.37508293986320496,0.21304911375045776,0.1923926037709588,0.46157243608176796,1.3161818981170654,0.3627355694770813,0.20601223409175873,0.2320165392061705,0.4538857059786734,1.284670352935791,0.9697407989879139,0.37518104910850525,0.22156231105327606,0.11789110915377521,0.4707040588876158,1.3334040641784668
None,0.2565983917971607,0,1.0414722116266226,0,dense_respsann,0.21382993459701538,0.21110659837722778,0.2257712036371231,78,0.025349366265843352,3155,3155,14361.77707247717,4.967965602874756,0.3754277229309082,0.21382993459701538,0.18943273841545982,0.46241748950165734,1.3153345584869385,0.3666793704032898,0.21110659837722778,0.21302548905398577,0.45946338088821376,1.3025263547897339,2.566534754994791,0.3798437714576721,0.2257712036371231,0.10113418055897272,0.47515387364213196,1.3440566062927246
