compile_time_s,epoch_time_s_mean,grad_nonfinite_steps,grad_norm_max,loss_nonfinite_steps,model,mse_test,mse_train,mse_val,param_mismatch,param_mismatch_ratio,params_analytic,params_empirical,samples_per_sec,step_time_ms_mean,test_mae,test_mse,test_r2,test_rmse,test_smape,train_mae,train_mse,train_r2,train_rmse,train_smape,train_time_s,val_mae,val_mse,val_r2,val_rmse,val_smape
None,0.37304583069635555,0,2.3089419994183507,0,geo_sparse,0.07401213049888611,0.06829681247472763,0.07541436702013016,,,9289,10185,9877.847573037996,8.872442033555773,0.21986123919487,0.07401213049888611,0.719441480185735,0.2720517055614357,0.8387219905853271,0.20876368880271912,0.06829681247472763,0.7453994746436616,0.2613365884730411,0.8152724504470825,3.731582181993872,0.2217583805322647,0.07541436702013016,0.6997517917365015,0.27461676390950746,0.8848761320114136
None,0.17661339669721202,0,1.193405430695094,0,dense_resrelu,0.1372552216053009,0.1061716303229332,0.12765835225582123,358,0.03514972999509082,10543,10543,20863.205009834015,4.834417855298078,0.30334585905075073,0.1372552216053009,0.4797052651937683,0.3704797182104587,1.0612298250198364,0.26264479756355286,0.1061716303229332,0.6042076901975376,0.32583988448766243,0.965726375579834,1.7667467669816688,0.29166409373283386,0.12765835225582123,0.4917521482353714,0.357293090131647,1.071655035018921
None,0.24709113859571516,0,1.395122050791225,0,dense_respsann,0.21419250965118408,0.2108340561389923,0.22728818655014038,76,0.007461953853706431,10261,10261,14913.859300680951,7.79810725318061,0.37568199634552,0.21419250965118408,0.18805832154847502,0.4628093664255123,1.315006136894226,0.36679497361183167,0.2108340561389923,0.21404147344712232,0.4591666975500208,1.302578330039978,2.471526601992082,0.3808788061141968,0.22728818655014038,0.09509459184842961,0.4767475081740233,1.3521418571472168
