compile_time_s,epoch_time_s_mean,grad_nonfinite_steps,grad_norm_max,loss_nonfinite_steps,model,mse_test,mse_train,mse_val,param_mismatch,param_mismatch_ratio,params_analytic,params_empirical,samples_per_sec,step_time_ms_mean,test_mae,test_mse,test_r2,test_rmse,test_smape,train_mae,train_mse,train_r2,train_rmse,train_smape,train_time_s,val_mae,val_mse,val_r2,val_rmse,val_smape
None,0.23599698320031165,0,1.7787384622298303,0,geo_sparse,0.08347833156585693,0.08295786380767822,0.09563949704170227,,,2197,2309,15614.350101623708,4.665602366129558,0.2327563762664795,0.08347833156585693,0.7042172464719708,0.2889261697490501,0.8293794393539429,0.23623241484165192,0.08295786380767822,0.7079822523483796,0.288024068104869,0.8766166567802429,2.3606490030069835,0.25541356205940247,0.09563949704170227,0.7064442137709991,0.30925636136012186,0.8685979843139648
None,0.12305930660804734,0,1.5419585587132558,0,dense_resrelu,0.11848707497119904,0.11464850604534149,0.13105392456054688,54,0.02338674750974448,2255,2255,29944.412689934637,2.97174162334866,0.2798253893852234,0.11848707497119904,0.5801732900613283,0.344219515674517,0.9752755165100098,0.2747723460197449,0.11464850604534149,0.5964288741079223,0.3385978529839513,0.966737687587738,1.2309475020156242,0.3010500967502594,0.13105392456054688,0.597743188945769,0.36201370769702473,1.0035802125930786
None,0.15685619149007834,0,1.488401192479422,0,dense_respsann,0.20181475579738617,0.20310881733894348,0.22668364644050598,126,0.05456907752273712,2435,2435,23493.908210839494,4.386283803869177,0.36281299591064453,0.20181475579738617,0.2849243264373943,0.4492379723458227,1.2439818382263184,0.3622572720050812,0.20310881733894348,0.28504208775109874,0.45067595602488436,1.2420110702514648,1.568917341006454,0.37974220514297485,0.22668364644050598,0.3042174172996859,0.47611306056493136,1.2111369371414185
