compile_time_s,epoch_time_s_mean,grad_nonfinite_steps,grad_norm_max,loss_nonfinite_steps,model,mse_test,mse_train,mse_val,param_mismatch,param_mismatch_ratio,params_analytic,params_empirical,samples_per_sec,step_time_ms_mean,test_mae,test_mse,test_r2,test_rmse,test_smape,train_mae,train_mse,train_r2,train_rmse,train_smape,train_time_s,val_mae,val_mse,val_r2,val_rmse,val_smape
None,0.3481213357939851,0,3.5037163699661455,0,geo_sparse,0.09018716216087341,0.07990068197250366,0.08856628835201263,,,5193,6089,10584.942459750011,9.620072223522046,0.2336098849773407,0.09018716216087341,0.6782164120764,0.30031177492877864,0.8381999731063843,0.22339408099651337,0.07990068197250366,0.7145657299948525,0.28266708682211955,0.8357400298118591,3.482305184006691,0.2340078204870224,0.08856628835201263,0.6616621392732054,0.2976008876868694,0.9250353574752808
None,0.26691816659877077,0,1.6469783728557617,0,dense_resrelu,0.19215038418769836,0.16008585691452026,0.17788729071617126,74,0.012153062900312038,6163,6163,13804.783472424495,4.526810098577429,0.34755203127861023,0.19215038418769836,0.3144163918305405,0.43834961410693446,1.1635141372680664,0.3209225833415985,0.16008585691452026,0.42811514391984373,0.40010730674972717,1.1040743589401245,2.6700889639905654,0.3373104929924011,0.17788729071617126,0.32044114415750136,0.4217668677316549,1.1969432830810547
None,0.4265246544033289,0,2.0150770819249546,0,dense_respsann,0.23747435212135315,0.21327316761016846,0.21383237838745117,160,0.026276892757431433,5929,5929,8640.768209222042,6.854481750064426,0.3849531412124634,0.23747435212135315,0.15270258832256245,0.4873134023617175,1.278029441833496,0.3683920204639435,0.21327316761016846,0.23811077011097315,0.4618150794529867,1.2633886337280273,4.2658244160120375,0.3702523708343506,0.21383237838745117,0.18312502679080012,0.46242013190112213,1.3351244926452637
