compile_time_s,epoch_time_s_mean,grad_nonfinite_steps,grad_norm_max,loss_nonfinite_steps,model,mse_test,mse_train,mse_val,param_mismatch,param_mismatch_ratio,params_analytic,params_empirical,samples_per_sec,step_time_ms_mean,test_mae,test_mse,test_r2,test_rmse,test_smape,train_mae,train_mse,train_r2,train_rmse,train_smape,train_time_s,val_mae,val_mse,val_r2,val_rmse,val_smape
None,0.421208214701619,0,2.9365525815873585,0,geo_sparse,0.06062520295381546,0.05965064838528633,0.05898799002170563,,,2329,2553,8748.725508450576,8.241069051954481,0.20021581649780273,0.06062520295381546,0.7729793683781044,0.24622185718131415,0.7734310626983643,0.19508667290210724,0.05965064838528633,0.7906102398132551,0.24423482222092396,0.7512193918228149,4.213185105007142,0.1890570968389511,0.05898799002170563,0.7781001814126386,0.24287443262250893,0.7292369604110718
None,0.19750512289465405,0,1.5052980385250243,0,dense_resrelu,0.10236351191997528,0.09758597612380981,0.09919154644012451,146,0.05718762240501371,2407,2407,18657.130903885714,5.0241552458869085,0.2605503797531128,0.10236351191997528,0.6166836893096834,0.3199429822952447,0.9469257593154907,0.2528224587440491,0.09758597612380981,0.657447068219309,0.31238754156305565,0.9032926559448242,1.975652108027134,0.25727152824401855,0.09919154644012451,0.6268632665586983,0.3149468946348329,0.9295008182525635
None,0.4181538123986684,0,1.4779944285436175,0,dense_respsann,0.18029341101646423,0.19069601595401764,0.1847839057445526,118,0.046220133176654916,2671,2671,8813.184911070612,8.283432307066741,0.33733803033828735,0.18029341101646423,0.32486289444004623,0.4246097161117068,1.1688915491104126,0.34690091013908386,0.19069601595401764,0.3306058629801293,0.4366875495752285,1.1820025444030762,4.182369979971554,0.3412362337112427,0.1847839057445526,0.30488369319060005,0.42986498548329405,1.1748796701431274
