compile_time_s,epoch_time_s_mean,grad_nonfinite_steps,grad_norm_max,loss_nonfinite_steps,model,mse_test,mse_train,mse_val,param_mismatch,param_mismatch_ratio,params_analytic,params_empirical,samples_per_sec,step_time_ms_mean,test_mae,test_mse,test_r2,test_rmse,test_smape,train_mae,train_mse,train_r2,train_rmse,train_smape,train_time_s,val_mae,val_mse,val_r2,val_rmse,val_smape
None,0.25195257570012475,0,2.484479607015336,0,geo_sparse,0.11010506749153137,0.11691632121801376,0.11024736613035202,,,661,725,14626.04584856617,2.9277475674947104,0.265971302986145,0.11010506749153137,0.5818285003728951,0.33182083643365645,0.9671009182929993,0.27494147419929504,0.11691632121801376,0.562332238555898,0.3419302870732772,0.9981207251548767,2.5201616610283963,0.2720356285572052,0.11024736613035202,0.5712560348017939,0.3320351880905878,1.02009117603302
None,0.09545735578867606,0,1.5330439006371985,0,dense_resrelu,0.1930350959300995,0.20311987400054932,0.1891370415687561,32,0.044137931034482755,757,757,38599.04738487916,2.874392862673159,0.3451646566390991,0.1930350959300995,0.26686593646599976,0.4393575945970429,1.2319955825805664,0.3607470393180847,0.20311987400054932,0.23963550946821832,0.4506882226113184,1.27632474899292,0.9549458470428362,0.34763216972351074,0.1891370415687561,0.26445982436134263,0.43489888660326104,1.3054133653640747
None,0.15387937420164235,0,1.5458885162462745,0,dense_respsann,0.20312082767486572,0.21616534888744354,0.19917349517345428,34,0.04689655172413793,691,691,23948.383704308362,4.262512577904595,0.3554316461086273,0.20312082767486572,0.228561018584995,0.45068928063008745,1.2759730815887451,0.3719770014286041,0.21616534888744354,0.19080070825291928,0.4649358545944199,1.3168960809707642,1.539143536996562,0.35705506801605225,0.19917349517345428,0.22542880254567066,0.44628857835872776,1.3296576738357544
