compile_time_s,epoch_time_s_mean,grad_nonfinite_steps,grad_norm_max,loss_nonfinite_steps,model,mse_test,mse_train,mse_val,param_mismatch,param_mismatch_ratio,params_analytic,params_empirical,samples_per_sec,step_time_ms_mean,test_mae,test_mse,test_r2,test_rmse,test_smape,train_mae,train_mse,train_r2,train_rmse,train_smape,train_time_s,val_mae,val_mse,val_r2,val_rmse,val_smape
None,0.4388486541050952,0,3.1790165911885104,0,geo_sparse,0.09091314673423767,0.07887330651283264,0.07774369418621063,,,9289,10185,8397.144250517635,13.864339016101978,0.24514931440353394,0.09091314673423767,0.6864015133953312,0.3015180703278622,0.9097743034362793,0.227237731218338,0.07887330651283264,0.7211207846439811,0.28084391841881257,0.8431159257888794,4.389587566955015,0.22245050966739655,0.07774369418621063,0.7354342045071142,0.27882556228977756,0.840355396270752
None,0.17182753930101172,0,1.6079953518054508,0,dense_resrelu,0.2243114709854126,0.1956082135438919,0.2139587551355362,358,0.03514972999509082,10543,10543,21444.46946624834,7.591588744410762,0.3763428330421448,0.2243114709854126,0.2262534038699029,0.47361531962702874,1.265517234802246,0.3540356457233429,0.1956082135438919,0.3083710166690359,0.442276173384789,1.2108073234558105,1.718858098029159,0.37569114565849304,0.2139587551355362,0.27188731353339957,0.4625567588259155,1.2751619815826416
None,0.25823915940127334,0,1.8462157360007974,0,dense_respsann,0.23648297786712646,0.21810409426689148,0.22929225862026215,76,0.007461953853706431,10261,10261,14269.975540364656,10.386102482124612,0.3867191672325134,0.23648297786712646,0.1842686494651109,0.4862951550932072,1.2989060878753662,0.37405556440353394,0.21810409426689148,0.22883039231964863,0.46701616060570267,1.2655105590820312,2.5830457729753107,0.38789859414100647,0.22929225862026215,0.21970661811417336,0.47884471242800847,1.2755728960037231
