compile_time_s,epoch_time_s_mean,grad_nonfinite_steps,grad_norm_max,loss_nonfinite_steps,model,mse_test,mse_train,mse_val,param_mismatch,param_mismatch_ratio,params_analytic,params_empirical,samples_per_sec,step_time_ms_mean,test_mae,test_mse,test_r2,test_rmse,test_smape,train_mae,train_mse,train_r2,train_rmse,train_smape,train_time_s,val_mae,val_mse,val_r2,val_rmse,val_smape
None,0.5033289773040451,0,3.325460701235393,0,geo_sparse,0.06859742105007172,0.05924288183450699,0.06403123587369919,,,4677,5125,7321.485825861686,10.553044124885842,0.20753884315490723,0.06859742105007172,0.7399670731924994,0.26191109378961347,0.8068794012069702,0.1918780654668808,0.05924288183450699,0.7791512027245344,0.24339860688694787,0.7685781121253967,5.0344972150051035,0.1990310698747635,0.06403123587369919,0.7450715994493677,0.25304394059866203,0.8057504296302795
None,0.09269915230106562,0,1.7183499945851115,0,dense_resrelu,0.1534186750650406,0.1287722885608673,0.1525401771068573,46,0.00897560975609756,5171,5171,39746.77097047241,2.786951118045383,0.31378719210624695,0.1534186750650406,0.4184343012695563,0.391686960550183,1.0692250728607178,0.28970229625701904,0.1287722885608673,0.5199557384136791,0.3588485593685271,1.0339399576187134,0.9273709310218692,0.314457505941391,0.1525401771068573,0.39268983953772496,0.3905639219216968,1.1092129945755005
None,0.15266235492308625,0,1.7749656438504453,0,dense_respsann,0.21440933644771576,0.21103829145431519,0.22643056511878967,120,0.023414634146341463,5005,5005,24139.277501713204,4.047866061881736,0.37590229511260986,0.21440933644771576,0.18723639405252335,0.4630435578298393,1.3140249252319336,0.3664948046207428,0.21103829145431519,0.2132801178662883,0.4593890415043824,1.3009113073349,1.5269719649804756,0.38080376386642456,0.22643056511878967,0.09850903904662778,0.4758472077450804,1.3495771884918213
