compile_time_s,epoch_time_s_mean,grad_nonfinite_steps,grad_norm_max,loss_nonfinite_steps,model,mse_test,mse_train,mse_val,param_mismatch,param_mismatch_ratio,params_analytic,params_empirical,samples_per_sec,step_time_ms_mean,test_mae,test_mse,test_r2,test_rmse,test_smape,train_mae,train_mse,train_r2,train_rmse,train_smape,train_time_s,val_mae,val_mse,val_r2,val_rmse,val_smape
None,0.3846222116088029,0,1.5811147718131324,0,geo_sparse,0.09120266139507294,0.09383751451969147,0.09957102686166763,,,1305,1529,9580.762840536501,9.26182277114303,0.24252651631832123,0.09120266139507294,0.6768481855050328,0.301997783758545,0.8621634244918823,0.24717003107070923,0.09383751451969147,0.6696850917371568,0.30632909512433104,0.8962616920471191,3.8472928109695204,0.25209349393844604,0.09957102686166763,0.6943767807415013,0.31554877097156886,0.849628746509552
None,0.20734487859881484,0,1.7779384122575979,0,dense_resrelu,0.132467582821846,0.13271896541118622,0.15177714824676514,154,0.10071942446043165,1683,1683,17771.521156575498,5.671247411657263,0.2975388169288635,0.132467582821846,0.5306371645756112,0.3639609633214062,1.0272374153137207,0.29539525508880615,0.13271896541118622,0.5328195220204266,0.36430614242857096,1.0225815773010254,2.0741049500065856,0.31564468145370483,0.15177714824676514,0.5341353481200419,0.3895858676168389,1.02538001537323
None,0.287237897090381,0,1.3299046172305453,0,dense_respsann,0.1950910985469818,0.19542667269706726,0.21781794726848602,32,0.020928711576193592,1561,1561,12829.674037334287,9.968118596959997,0.356800377368927,0.1950910985469818,0.3087477764033817,0.4416911800647391,1.2190473079681396,0.3545323610305786,0.19542667269706726,0.31208381901503457,0.4420708910311414,1.2071090936660767,2.8730270069791004,0.3735053837299347,0.21781794726848602,0.3314297633628579,0.4667097034222516,1.1765462160110474
