compile_time_s,epoch_time_s_mean,grad_nonfinite_steps,grad_norm_max,loss_nonfinite_steps,model,mse_test,mse_train,mse_val,param_mismatch,param_mismatch_ratio,params_analytic,params_empirical,samples_per_sec,step_time_ms_mean,test_mae,test_mse,test_r2,test_rmse,test_smape,train_mae,train_mse,train_r2,train_rmse,train_smape,train_time_s,val_mae,val_mse,val_r2,val_rmse,val_smape
None,0.18026824090047738,0,1.9241954062795064,0,geo_sparse,0.12418971210718155,0.131078839302063,0.12168563902378082,,,661,725,20442.25970393189,2.970997368847882,0.28168606758117676,0.12418971210718155,0.5283359854975533,0.35240560737193377,1.0170725584030151,0.2906680703163147,0.131078839302063,0.5093158875584956,0.3620481173850556,1.0489110946655273,1.80312746897107,0.2831832766532898,0.12168563902378082,0.5267734107324057,0.3488346872427982,1.0568084716796875
None,0.12346979850553907,0,1.274684379892087,0,dense_resrelu,0.1967812031507492,0.20663590729236603,0.19067448377609253,32,0.044137931034482755,757,757,29844.870467762845,2.9237736419395164,0.34871456027030945,0.1967812031507492,0.2526384780037132,0.4436002740652323,1.248683214187622,0.3638240396976471,0.20663590729236603,0.2264734477988899,0.454572224506036,1.288653016090393,1.235053107026033,0.34912630915641785,0.19067448377609253,0.2584808531227264,0.4366628948927222,1.314490795135498
None,0.28209856571047565,0,1.4360720518820802,0,dense_respsann,0.20248132944107056,0.21498727798461914,0.19804495573043823,34,0.04689655172413793,691,691,13063.978129328423,5.223227244836313,0.35530996322631836,0.20248132944107056,0.23098978904513368,0.44997925445632553,1.2837507724761963,0.37082064151763916,0.21498727798461914,0.19521070772293836,0.4636672060698483,1.3173316717147827,2.8214989060070366,0.35559311509132385,0.19804495573043823,0.22981759799366042,0.44502242160416844,1.3302891254425049
