compile_time_s,epoch_time_s_mean,grad_nonfinite_steps,grad_norm_max,loss_nonfinite_steps,model,mse_test,mse_train,mse_val,param_mismatch,param_mismatch_ratio,params_analytic,params_empirical,samples_per_sec,step_time_ms_mean,test_mae,test_mse,test_r2,test_rmse,test_smape,train_mae,train_mse,train_r2,train_rmse,train_smape,train_time_s,val_mae,val_mse,val_r2,val_rmse,val_smape
None,0.2556358135130722,0,2.5426248376190137,0,geo_sparse,0.07096169888973236,0.07008997350931168,0.0698666200041771,,,4377,4505,14414.636539195273,6.090882371973108,0.2152145802974701,0.07096169888973236,0.7304923313989267,0.26638637144143157,0.8133702278137207,0.21737205982208252,0.07008997350931168,0.7376232554405955,0.2647451104540208,0.8321549892425537,2.5571230949717574,0.22019201517105103,0.0698666200041771,0.7282938001380459,0.2643229464200509,0.8742894530296326
None,0.16821247989428229,0,1.2194088687438804,0,dense_resrelu,0.1018146350979805,0.09940403699874878,0.10643889009952545,266,0.05904550499445061,4239,4239,21904.950676211643,5.103483253055149,0.25589191913604736,0.1018146350979805,0.6133149943695038,0.3190840564772557,0.9165489077568054,0.25701916217803955,0.09940403699874878,0.6278881870343103,0.3152840576349346,0.9340927600860596,1.6827246290049516,0.26986467838287354,0.10643889009952545,0.5860669078006322,0.32624973578460637,0.9917700886726379
None,0.3806002397090197,0,0.8823223037012837,0,dense_respsann,0.11817067861557007,0.12060191482305527,0.117434561252594,94,0.020865704772475027,4599,4599,9682.695079727233,7.877233787819192,0.27644070982933044,0.11817067861557007,0.5511958621484307,0.34375962330612664,0.9819179177284241,0.2799888849258423,0.12060191482305527,0.5485354704479827,0.3472778639980603,0.995979905128479,3.8067913629929535,0.2782544493675232,0.117434561252594,0.54330555096834,0.3426872645030655,1.0193206071853638
