compile_time_s,epoch_time_s_mean,grad_nonfinite_steps,grad_norm_max,loss_nonfinite_steps,model,mse_test,mse_train,mse_val,param_mismatch,param_mismatch_ratio,params_analytic,params_empirical,samples_per_sec,step_time_ms_mean,test_mae,test_mse,test_r2,test_rmse,test_smape,train_mae,train_mse,train_r2,train_rmse,train_smape,train_time_s,val_mae,val_mse,val_r2,val_rmse,val_smape
None,0.40919738519587556,0,2.367924740785084,0,geo_sparse,0.03662671148777008,0.03174649178981781,0.03414367139339447,,,4377,4601,9005.41940022228,9.98968541180646,0.15170764923095703,0.03662671148777008,0.8628455036674942,0.19138106355585466,0.6319010853767395,0.1399354189634323,0.03174649178981781,0.8885613021107612,0.17817545226494533,0.5858383178710938,4.093090878042858,0.1436360478401184,0.03414367139339447,0.8715590328877958,0.18478006221828824,0.6409085988998413
None,0.31945656060706823,0,1.2798522163918917,0,dense_resrelu,0.1106363981962204,0.10120096057653427,0.10580925643444061,176,0.03825255379265377,4777,4777,11535.07896394609,5.0559703862225565,0.2668995261192322,0.1106363981962204,0.5857045622096879,0.3326205017677359,0.9605984091758728,0.2561652362346649,0.10120096057653427,0.6447575071697526,0.318120984181387,0.9190582633018494,3.19547010603128,0.26624152064323425,0.10580925643444061,0.6019689039305418,0.32528334792061,0.9723939299583435
None,0.38096199540304954,0,1.2288535861380903,0,dense_respsann,0.15074673295021057,0.15034045279026031,0.13665109872817993,2,0.0004346881112801565,4599,4599,9673.22961966299,18.143894478126807,0.3122822046279907,0.15074673295021057,0.43550508927178433,0.3882611659053872,1.076509714126587,0.31297215819358826,0.15034045279026031,0.47226471179745433,0.38773760817111913,1.0627529621124268,3.810516388970427,0.3004928529262543,0.13665109872817993,0.48594867553933785,0.3696634939078782,1.0646883249282837
