compile_time_s,epoch_time_s_mean,grad_nonfinite_steps,grad_norm_max,loss_nonfinite_steps,model,mse_test,mse_train,mse_val,param_mismatch,param_mismatch_ratio,params_analytic,params_empirical,samples_per_sec,step_time_ms_mean,test_mae,test_mse,test_r2,test_rmse,test_smape,train_mae,train_mse,train_r2,train_rmse,train_smape,train_time_s,val_mae,val_mse,val_r2,val_rmse,val_smape
None,0.18251669851015323,0,3.021841717504572,0,geo_sparse,0.1608070284128189,0.15563639998435974,0.1648634821176529,,,2629,2885,20190.45741758241,2.822306368086073,0.32215648889541626,0.1608070284128189,0.39042719668892745,0.4010075166537641,1.1561553478240967,0.314897745847702,0.15563639998435974,0.41981025739917377,0.39450779457998003,1.136039137840271,1.8256149049848318,0.32454633712768555,0.1648634821176529,0.34362690481858005,0.4060338435619042,1.2003906965255737
None,0.09606690340442584,0,1.4922056229219034,0,dense_resrelu,0.2136441469192505,0.20238783955574036,0.2207905799150467,90,0.03119584055459272,2975,2975,38355.11961463782,2.8753896112795228,0.3755643367767334,0.2136441469192505,0.1901370056149324,0.4622165584650235,1.3062148094177246,0.35928717255592346,0.20238783955574036,0.245527730404816,0.4498753600229072,1.2590852975845337,0.9610190339735709,0.37460988759994507,0.2207905799150467,0.12096357821738568,0.46988358123587026,1.3191637992858887
None,0.14236398079665377,0,1.5032148222080997,0,dense_respsann,0.213266521692276,0.2104121446609497,0.22661884129047394,52,0.01802426343154246,2833,2833,25885.031851684853,4.280470503701104,0.37524959444999695,0.213266521692276,0.19156847332178462,0.46180788396504885,1.3075352907180786,0.36623528599739075,0.2104121446609497,0.21561430790469072,0.45870703576569405,1.2936495542526245,1.4239889759919606,0.37997522950172424,0.22661884129047394,0.09775944312683593,0.47604499922851196,1.3346450328826904
