compile_time_s,epoch_time_s_mean,grad_nonfinite_steps,grad_norm_max,loss_nonfinite_steps,model,mse_test,mse_train,mse_val,param_mismatch,param_mismatch_ratio,params_analytic,params_empirical,samples_per_sec,step_time_ms_mean,test_mae,test_mse,test_r2,test_rmse,test_smape,train_mae,train_mse,train_r2,train_rmse,train_smape,train_time_s,val_mae,val_mse,val_r2,val_rmse,val_smape
None,0.31873464829986914,0,1.8764629045798795,0,geo_sparse,0.11801978945732117,0.1238279938697815,0.11410003155469894,,,661,773,11561.479468726422,5.359572163334599,0.27263420820236206,0.11801978945732117,0.5517689288293741,0.34354008420753634,0.9933660626411438,0.2795749306678772,0.1238279938697815,0.5364588779714188,0.3518920201848594,1.018208384513855,3.188173286966048,0.27141430974006653,0.11410003155469894,0.5562732919794033,0.3377869617890823,1.0255520343780518
None,0.14732574329827913,0,1.3186169299556643,0,dense_resrelu,0.19578677415847778,0.20559120178222656,0.19008506834506989,16,0.02069857697283312,757,757,25013.473990517134,3.1149238568765147,0.3481650948524475,0.19578677415847778,0.25641525115725405,0.4424779928521618,1.2505340576171875,0.3630702495574951,0.20559120178222656,0.2303842733883542,0.4534216600276464,1.2907408475875854,1.473605785984546,0.34819626808166504,0.19008506834506989,0.2607730538221027,0.4359874635182414,1.307672381401062
None,0.3624447966052685,0,1.0130607053940002,0,dense_respsann,0.2010287046432495,0.21342340111732483,0.19591248035430908,80,0.1034928848641656,853,853,10168.832864446735,11.52436856870298,0.35321110486984253,0.2010287046432495,0.23650675846297697,0.44836224712084033,1.2728376388549805,0.3699917197227478,0.21342340111732483,0.2010649827942146,0.461977706299043,1.3138948678970337,3.6248014390002936,0.3546956181526184,0.19591248035430908,0.23811062453658471,0.44262001802258005,1.3284920454025269
