compile_time_s,epoch_time_s_mean,grad_nonfinite_steps,grad_norm_max,loss_nonfinite_steps,model,mse_test,mse_train,mse_val,param_mismatch,param_mismatch_ratio,params_analytic,params_empirical,samples_per_sec,step_time_ms_mean,test_mae,test_mse,test_r2,test_rmse,test_smape,train_mae,train_mse,train_r2,train_rmse,train_smape,train_time_s,val_mae,val_mse,val_r2,val_rmse,val_smape
None,0.4022717850049958,0,2.5328479885173287,0,geo_sparse,0.07785910367965698,0.0654539242386818,0.07791493833065033,,,17481,18377,9160.357956345371,9.60899199379815,0.23223474621772766,0.07785910367965698,0.7048587206558158,0.279032441984184,0.8591113090515137,0.21172207593917847,0.0654539242386818,0.7559973572924334,0.2558396455569031,0.8305715918540955,4.023860222019721,0.2321707010269165,0.07791493833065033,0.6897962533391209,0.2791324745181942,0.9199357032775879
None,0.16674565849243664,0,1.1431975140278678,0,dense_resrelu,0.1329738199710846,0.09470165520906448,0.12639091908931732,202,0.010992000870653534,18175,18175,22097.78197493624,5.056702861079463,0.29500705003738403,0.1329738199710846,0.4959348169865543,0.36465575543392237,1.0446720123291016,0.24797023832798004,0.09470165520906448,0.6469660714669311,0.30773634041020326,0.929185152053833,1.6680407129460946,0.28863611817359924,0.12639091908931732,0.49679817785515257,0.3555150054348161,1.0389028787612915
None,0.24195668800384737,0,1.5661413747218842,0,dense_respsann,0.21300801634788513,0.2100386619567871,0.22471320629119873,542,0.02949338847472384,18919,18919,15230.375725029882,7.905301341304073,0.3751095235347748,0.21300801634788513,0.192548392103983,0.4615279150256083,1.3216899633407593,0.365591824054718,0.2100386619567871,0.21700658738626266,0.4582997512074244,1.299970269203186,2.420163538015913,0.3782998323440552,0.22471320629119873,0.10534637917685064,0.47403924551791987,1.3441885709762573
