compile_time_s,epoch_time_s_mean,grad_nonfinite_steps,grad_norm_max,loss_nonfinite_steps,model,mse_test,mse_train,mse_val,param_mismatch,param_mismatch_ratio,params_analytic,params_empirical,samples_per_sec,step_time_ms_mean,test_mae,test_mse,test_r2,test_rmse,test_smape,train_mae,train_mse,train_r2,train_rmse,train_smape,train_time_s,val_mae,val_mse,val_r2,val_rmse,val_smape
None,0.379588840296492,0,2.4273822243392753,0,geo_sparse,0.07293743640184402,0.0685906633734703,0.07105505466461182,,,2197,2453,9708.535527232252,4.03166694994326,0.21740761399269104,0.07293743640184402,0.7229886157468493,0.2700693177720195,0.8316572904586792,0.20961566269397736,0.0685906633734703,0.7432358158034125,0.26189819276480375,0.8122235536575317,3.7966591250151396,0.2127077430486679,0.07105505466461182,0.7236720758502418,0.26656154010774286,0.8738774061203003
None,0.132379368605325,0,1.09054874417472,0,dense_resrelu,0.09531106799840927,0.09554898738861084,0.09646262228488922,80,0.03261312678353037,2533,2533,27835.924813475554,5.664957699952303,0.24579384922981262,0.09531106799840927,0.6380150964530195,0.3087249066700147,0.903034508228302,0.2519378364086151,0.09554898738861084,0.6423192896643485,0.3091099923791058,0.9338157773017883,1.3241880859714001,0.2524549067020416,0.09646262228488922,0.624863897191307,0.310584323952271,0.9527273178100586
None,0.21470105758635327,0,1.4529323912487828,0,dense_respsann,0.19076794385910034,0.19576531648635864,0.18596535921096802,18,0.007337953526294333,2435,2435,17165.070891851898,6.790037278775816,0.3445376753807068,0.19076794385910034,0.27547642463890176,0.4367698980688806,1.2377668619155884,0.35413214564323425,0.19576531648635864,0.26716674967635523,0.44245374502467333,1.2531514167785645,2.1473840820253827,0.34436556696891785,0.18596535921096802,0.2767942883930772,0.43123701048375707,1.2885730266571045
