compile_time_s,epoch_time_s_mean,grad_nonfinite_steps,grad_norm_max,loss_nonfinite_steps,model,mse_test,mse_train,mse_val,param_mismatch,param_mismatch_ratio,params_analytic,params_empirical,samples_per_sec,step_time_ms_mean,test_mae,test_mse,test_r2,test_rmse,test_smape,train_mae,train_mse,train_r2,train_rmse,train_smape,train_time_s,val_mae,val_mse,val_r2,val_rmse,val_smape
None,0.4315574092848692,0,3.040168263946378,0,geo_sparse,0.07004086673259735,0.06914780288934708,0.06883659958839417,,,4377,4505,8539.357026668698,8.16116272961652,0.21362382173538208,0.07004086673259735,0.7339895888170163,0.26465235070295023,0.8117823004722595,0.2160804122686386,0.06914780288934708,0.7411502012532964,0.26295969822264986,0.8289853930473328,4.3164842370315455,0.21884208917617798,0.06883659958839417,0.7322994887035573,0.26236729900731565,0.863099992275238
None,0.454286009905627,0,1.574546201558691,0,dense_resrelu,0.09919388592243195,0.09580440074205399,0.10245348513126373,266,0.05904550499445061,4239,4239,8112.520697297531,13.439121705514413,0.25214290618896484,0.09919388592243195,0.6232684201096037,0.31495060870306624,0.9006823897361755,0.2517360746860504,0.09580440074205399,0.641363185414924,0.3095228598053042,0.9119918942451477,4.543593954993412,0.26359057426452637,0.10245348513126373,0.6015658752067323,0.32008355960789947,0.9739217758178711
None,0.86749880569987,0,1.461965747843273,0,dense_respsann,0.12345786392688751,0.13104073703289032,0.13078559935092926,94,0.020865704772475027,4599,4599,4248.457616948699,28.35991456773546,0.279188334941864,0.12345786392688751,0.5311154947247418,0.35136571250890075,1.0235621929168701,0.2910275161266327,0.13104073703289032,0.5094584865293407,0.361995493111296,1.0511811971664429,8.676089847984258,0.2899767756462097,0.13078559935092926,0.4913843285693672,0.36164291690966277,1.060205101966858
