compile_time_s,epoch_time_s_mean,grad_nonfinite_steps,grad_norm_max,loss_nonfinite_steps,model,mse_test,mse_train,mse_val,param_mismatch,param_mismatch_ratio,params_analytic,params_empirical,samples_per_sec,step_time_ms_mean,test_mae,test_mse,test_r2,test_rmse,test_smape,train_mae,train_mse,train_r2,train_rmse,train_smape,train_time_s,val_mae,val_mse,val_r2,val_rmse,val_smape
None,0.2545510076044593,0,3.3249310699930374,0,geo_sparse,0.1494724601507187,0.12798133492469788,0.12775354087352753,,,2629,3653,14477.784923050043,4.275631418934575,0.29991379380226135,0.1494724601507187,0.4666892341365608,0.3866166837459536,1.0068095922470093,0.28023838996887207,0.12798133492469788,0.5428041438674337,0.3577447902132159,0.9717698693275452,2.545969580009114,0.28192412853240967,0.12775354087352753,0.5119603728611167,0.3574262733397302,1.0314583778381348
None,0.13679668830591254,0,1.589687260541141,0,dense_resrelu,0.22919079661369324,0.20306101441383362,0.20835372805595398,10,0.002737476047084588,3643,3643,26937.32914968577,4.859683531301993,0.37850648164749146,0.22919079661369324,0.1822579279978972,0.4787387561224736,1.2647066116333008,0.35906296968460083,0.20306101441383362,0.27459226388323477,0.45062291820748934,1.23455011844635,1.3683613470057026,0.36401432752609253,0.20835372805595398,0.20405437307963725,0.45645780534015845,1.3143359422683716
None,0.409479065600317,0,1.7733067775108233,0,dense_respsann,0.23713889718055725,0.21410194039344788,0.21321728825569153,160,0.04379961675335341,3493,3493,9000.209883128546,10.891710811191135,0.3847008943557739,0.23713889718055725,0.15389947590444975,0.48696909263377,1.2827231884002686,0.368899405002594,0.21410194039344788,0.23515007890483708,0.4627115088188837,1.2678242921829224,4.095460048003588,0.3706056773662567,0.21321728825569153,0.18547472658100195,0.4617545757820831,1.3394665718078613
