compile_time_s,epoch_time_s_mean,grad_nonfinite_steps,grad_norm_max,loss_nonfinite_steps,model,mse_test,mse_train,mse_val,param_mismatch,param_mismatch_ratio,params_analytic,params_empirical,samples_per_sec,step_time_ms_mean,test_mae,test_mse,test_r2,test_rmse,test_smape,train_mae,train_mse,train_r2,train_rmse,train_smape,train_time_s,val_mae,val_mse,val_r2,val_rmse,val_smape
None,0.25485159280942754,0,3.4088635408228654,0,geo_sparse,0.09639294445514679,0.09774956107139587,0.10996564477682114,,,2329,2457,14459.088910404364,5.024559391869439,0.25139373540878296,0.09639294445514679,0.6584578297528051,0.3104721315273672,0.8951476812362671,0.2544076144695282,0.09774956107139587,0.6559144053105164,0.3126492620675697,0.9143562316894531,2.5492615909897722,0.271404504776001,0.10996564477682114,0.6624715361229361,0.3316106825432817,0.9002689123153687
None,0.16386115039349533,0,1.724930490598608,0,dense_resrelu,0.10842330008745193,0.10303539782762527,0.12165069580078125,50,0.02035002035002035,2407,2407,22486.600123102373,5.230624022307219,0.2664875388145447,0.10842330008745193,0.615831538018196,0.3292769352497255,0.9129519462585449,0.2616042494773865,0.10303539782762527,0.6373078562752874,0.3209912737561962,0.9197231531143188,1.6391984469955787,0.2847716808319092,0.12165069580078125,0.6266054517677362,0.34878459799822187,0.9321627020835876
None,0.2606372216134332,0,1.4973780175186941,0,dense_respsann,0.16596096754074097,0.16379906237125397,0.18942227959632874,188,0.07651607651607652,2269,2269,14139.021325503794,7.949348714616564,0.3337358236312866,0.16596096754074097,0.4119624693427193,0.40738307223145753,1.1500625610351562,0.3265053927898407,0.16379906237125397,0.4234152962369854,0.4047209685341914,1.1262091398239136,2.606969687039964,0.34824955463409424,0.18942227959632874,0.41858742862469356,0.43522669908488926,1.09763503074646
