compile_time_s,epoch_time_s_mean,grad_nonfinite_steps,grad_norm_max,loss_nonfinite_steps,model,mse_test,mse_train,mse_val,param_mismatch,param_mismatch_ratio,params_analytic,params_empirical,samples_per_sec,step_time_ms_mean,test_mae,test_mse,test_r2,test_rmse,test_smape,train_mae,train_mse,train_r2,train_rmse,train_smape,train_time_s,val_mae,val_mse,val_r2,val_rmse,val_smape
None,0.256635246402584,0,2.6254155887101964,0,geo_sparse,0.20411908626556396,0.1848713755607605,0.18525275588035583,,,4677,5701,14359.700127677796,5.904638837884973,0.35580533742904663,0.20411908626556396,0.27171262108172434,0.45179540310362165,1.1887946128845215,0.34180185198783875,0.1848713755607605,0.33957225166685656,0.4299667144800403,1.1919407844543457,2.56690597103443,0.34500524401664734,0.18525275588035583,0.292303890809691,0.4304099858046463,1.2489259243011475
None,0.09135112279909663,0,1.302090733891914,0,dense_resrelu,0.14852719008922577,0.12826445698738098,0.15691091120243073,108,0.018944044904402737,5593,5593,40334.71439803009,2.5638577938079834,0.31371331214904785,0.14852719008922577,0.47006191362503813,0.3853922548381399,1.0792608261108398,0.2900894582271576,0.12826445698738098,0.5417927671137842,0.35814027557282774,1.0166568756103516,0.9138530060299672,0.32075878977775574,0.15691091120243073,0.4005744089727339,0.39611981924971984,1.140024185180664
None,0.1247003955882974,0,1.4981995452563186,0,dense_respsann,0.23752808570861816,0.21422269940376282,0.21433652937412262,156,0.02736362041747062,5857,5857,29550.697644242584,3.713098676116378,0.38480469584465027,0.23752808570861816,0.15251086938953629,0.48736853171765016,1.281026840209961,0.368982195854187,0.21422269940376282,0.23471867252002254,0.46284198102998697,1.2673470973968506,1.2473478780011646,0.3694760203361511,0.21433652937412262,0.18119907482081354,0.4629649332013415,1.335551381111145
