compile_time_s,epoch_time_s_mean,grad_nonfinite_steps,grad_norm_max,loss_nonfinite_steps,model,mse_test,mse_train,mse_val,param_mismatch,param_mismatch_ratio,params_analytic,params_empirical,samples_per_sec,step_time_ms_mean,test_mae,test_mse,test_r2,test_rmse,test_smape,train_mae,train_mse,train_r2,train_rmse,train_smape,train_time_s,val_mae,val_mse,val_r2,val_rmse,val_smape
None,0.3659286936046556,0,3.0407818752924034,0,geo_sparse,0.04061849042773247,0.03477698192000389,0.04033071547746658,,,4377,4601,10069.878795647546,7.760501278771295,0.16070197522640228,0.04061849042773247,0.8457337573853219,0.20154029479916036,0.6631467342376709,0.14576633274555206,0.03477698192000389,0.8698148878780337,0.18648587592631216,0.6123480200767517,3.6604214159888215,0.15840041637420654,0.04033071547746658,0.8431567913040092,0.20082508677320815,0.6454501748085022
None,0.16320030849892647,0,1.6316351185821474,0,dense_resrelu,0.09573708474636078,0.09573431313037872,0.10334372520446777,176,0.03825255379265377,4777,4777,22577.165633474233,5.20814342851992,0.24734263122081757,0.09573708474636078,0.6363971140438915,0.30941409913958473,0.888200044631958,0.2517916262149811,0.09573431313037872,0.6416255414871266,0.3094096202938408,0.9144112467765808,1.6326230049598962,0.26690977811813354,0.10334372520446777,0.5981038018473365,0.32147118876264447,1.0005487203598022
None,0.2616195841867011,0,1.9052776688010085,0,dense_respsann,0.11699918657541275,0.11583946645259857,0.12233299016952515,2,0.0004346881112801565,4599,4599,14085.695950967478,8.421533637576633,0.27368485927581787,0.11699918657541275,0.5556451086217729,0.3420514384934125,0.9625740051269531,0.27515873312950134,0.11583946645259857,0.566363348128377,0.3403519743627155,0.9748377799987793,2.616839106020052,0.28619882464408875,0.12233299016952515,0.5242559339232533,0.34976133315380237,1.0373682975769043
