compile_time_s,epoch_time_s_mean,grad_nonfinite_steps,grad_norm_max,loss_nonfinite_steps,model,mse_test,mse_train,mse_val,param_mismatch,param_mismatch_ratio,params_analytic,params_empirical,samples_per_sec,step_time_ms_mean,test_mae,test_mse,test_r2,test_rmse,test_smape,train_mae,train_mse,train_r2,train_rmse,train_smape,train_time_s,val_mae,val_mse,val_r2,val_rmse,val_smape
None,0.2697688446030952,0,3.070158146917868,0,geo_sparse,0.11716941744089127,0.10241435468196869,0.10642290860414505,,,4677,5701,13660.626223997599,3.9719608801382558,0.2641744017601013,0.11716941744089127,0.5958323597221125,0.3423001861537491,0.9413227438926697,0.24648401141166687,0.10241435468196869,0.6378846797421929,0.3200224284045865,0.8923153877258301,2.6982657599728554,0.25134265422821045,0.10642290860414505,0.6378373572529339,0.3262252421320966,0.9094154834747314
None,0.1687372882908676,0,1.7003248131126603,0,dense_resrelu,0.1658620983362198,0.13852080702781677,0.15490679442882538,108,0.018944044904402737,5593,5593,21837.903518800264,2.5645463643250643,0.32748183608055115,0.1658620983362198,0.42787039177772856,0.4072617074268336,1.0773646831512451,0.2994179427623749,0.13852080702781677,0.5102199630305575,0.3721838349899372,1.0309319496154785,1.6878909629886039,0.3123493790626526,0.15490679442882538,0.4728441786148152,0.39358200470654825,1.0683033466339111
None,0.25396231330232694,0,1.5956616069238188,0,dense_respsann,0.23818416893482208,0.22038483619689941,0.22950655221939087,156,0.02736362041747062,5857,5857,14510.7636152467,11.659173965454102,0.38847988843917847,0.23818416893482208,0.1784005108798934,0.48804115496013456,1.3134222030639648,0.3762572109699249,0.22038483619689941,0.22076618970480888,0.46945163350115143,1.2807796001434326,2.5401833409559913,0.3879550099372864,0.22950655221939087,0.21897736817521862,0.47906842122956805,1.2849373817443848
