compile_time_s,epoch_time_s_mean,grad_nonfinite_steps,grad_norm_max,loss_nonfinite_steps,model,mse_test,mse_train,mse_val,param_mismatch,param_mismatch_ratio,params_analytic,params_empirical,samples_per_sec,step_time_ms_mean,test_mae,test_mse,test_r2,test_rmse,test_smape,train_mae,train_mse,train_r2,train_rmse,train_smape,train_time_s,val_mae,val_mse,val_r2,val_rmse,val_smape
None,0.24721325919381343,0,2.1652196494512848,0,geo_sparse,0.11758197844028473,0.12897394597530365,0.11967862397432327,,,1305,1433,14905.593404325726,5.728480003498219,0.27298983931541443,0.11758197844028473,0.5534317050640962,0.34290228701524395,0.9949701428413391,0.2880476117134094,0.12897394597530365,0.5171954027405905,0.35912942788819696,1.045044183731079,2.4728971869917586,0.2872720956802368,0.11967862397432327,0.534578544075166,0.34594598418586,1.0823664665222168
None,0.1852890769019723,0,1.6377032821628064,0,dense_resrelu,0.1432725191116333,0.1472928375005722,0.14200197160243988,64,0.044661549197487785,1369,1369,19885.436890706562,5.152363812481916,0.29951608180999756,0.1432725191116333,0.45586079244833255,0.37851356529407676,1.0805346965789795,0.3095637559890747,0.1472928375005722,0.4486199574713523,0.38378749002615004,1.1175605058670044,1.8536178109934554,0.3019104301929474,0.14200197160243988,0.4477646719298152,0.37683148966406704,1.1411821842193604
None,0.2384963087097276,0,1.485565834208678,0,dense_respsann,0.18070802092552185,0.19295324385166168,0.17869767546653748,128,0.08932309839497557,1561,1561,15450.838002320343,7.804437319437663,0.3359871506690979,0.18070802092552185,0.3136833224239759,0.4250976604564201,1.2089600563049316,0.35212501883506775,0.19295324385166168,0.27769353525504636,0.4392644349952107,1.2579201459884644,2.3856311220442876,0.33675724267959595,0.17869767546653748,0.3050577924041209,0.4227264783125579,1.2600229978561401
