compile_time_s,epoch_time_s_mean,grad_nonfinite_steps,grad_norm_max,loss_nonfinite_steps,model,mse_test,mse_train,mse_val,param_mismatch,param_mismatch_ratio,params_analytic,params_empirical,samples_per_sec,step_time_ms_mean,test_mae,test_mse,test_r2,test_rmse,test_smape,train_mae,train_mse,train_r2,train_rmse,train_smape,train_time_s,val_mae,val_mse,val_r2,val_rmse,val_smape
None,0.1927327601937577,0,3.1703366592333704,0,geo_sparse,0.11081848293542862,0.10145556181669235,0.10393606871366501,,,4677,4933,19119.8561689786,3.286279139695344,0.2698192596435547,0.11081848293542862,0.6046048218747155,0.3328941016831458,0.9536086320877075,0.257201611995697,0.10145556181669235,0.6375638606263384,0.31852089698588437,0.9286537766456604,1.9278387700323947,0.26036545634269714,0.10393606871366501,0.6029470484411077,0.322391173442551,0.9959743618965149
None,0.16289187210495584,0,1.7516348381003877,0,dense_resrelu,0.19634927809238434,0.16606652736663818,0.1846330165863037,168,0.03405635515913237,4765,4765,22621.364157118725,3.290900142104537,0.35073065757751465,0.19634927809238434,0.29943493423072964,0.4431131662367801,1.1885310411453247,0.32800185680389404,0.16606652736663818,0.4067500281274833,0.40751261007070466,1.1510227918624878,1.6294331210083328,0.34603115916252136,0.1846330165863037,0.2946713622749564,0.4296894420233103,1.2480225563049316
None,0.3680584874993656,0,1.6205638843885821,0,dense_respsann,0.23682963848114014,0.2125537246465683,0.2124021202325821,72,0.014595580782485303,5005,5005,10012.563099144829,6.019729826185438,0.384737104177475,0.23682963848114014,0.15500289651898813,0.48665145482279215,1.2743687629699707,0.36803749203681946,0.2125537246465683,0.2406808708387148,0.4610354917428465,1.2613451480865479,3.6813750520232134,0.36977696418762207,0.2124021202325821,0.188588821659037,0.46087104512280014,1.3300292491912842
