compile_time_s,epoch_time_s_mean,grad_nonfinite_steps,grad_norm_max,loss_nonfinite_steps,model,mse_test,mse_train,mse_val,param_mismatch,param_mismatch_ratio,params_analytic,params_empirical,samples_per_sec,step_time_ms_mean,test_mae,test_mse,test_r2,test_rmse,test_smape,train_mae,train_mse,train_r2,train_rmse,train_smape,train_time_s,val_mae,val_mse,val_r2,val_rmse,val_smape
None,0.29892785209813155,0,2.5274511185267348,0,geo_sparse,0.20442438125610352,0.20681002736091614,0.23171423375606537,,,1173,1429,12328.05613019217,4.043806808966178,0.36130034923553467,0.20442438125610352,0.2756778287010647,0.45213314549599604,1.227843165397644,0.3624802231788635,0.20681002736091614,0.27201357775436175,0.45476370497316093,1.2339214086532593,2.989927983027883,0.38481029868125916,0.23171423375606537,0.2887764993640678,0.48136704681154213,1.219909429550171
None,0.10211042069713586,0,1.2764893507280148,0,dense_resrelu,0.10555534064769745,0.09898440539836884,0.11693038791418076,88,0.0615815255423373,1517,1517,36084.79864233544,2.5038850484070956,0.2648874521255493,0.10555534064769745,0.625993371923897,0.32489281409058196,0.9221774339675903,0.2576633095741272,0.09898440539836884,0.651567663373532,0.31461787202631836,0.9215797185897827,1.0214827680028975,0.27812159061431885,0.11693038791418076,0.6410939564395017,0.3419508559927592,0.9240192770957947
None,0.1276550714042969,0,0.9709632321586055,0,dense_respsann,0.2021406590938568,0.2049083560705185,0.2268143743276596,6,0.004198740377886634,1435,1435,28866.877291076235,3.9858382278018527,0.36312544345855713,0.2021406590938568,0.28376957678433135,0.44960055504175794,1.2354847192764282,0.3635789155960083,0.2049083560705185,0.27870762095645574,0.45266804180383496,1.24250328540802,1.276895994960796,0.3805997669696808,0.2268143743276596,0.3038161186135193,0.4762503273780078,1.2019118070602417
