compile_time_s,epoch_time_s_mean,grad_nonfinite_steps,grad_norm_max,loss_nonfinite_steps,model,mse_test,mse_train,mse_val,param_mismatch,param_mismatch_ratio,params_analytic,params_empirical,samples_per_sec,step_time_ms_mean,test_mae,test_mse,test_r2,test_rmse,test_smape,train_mae,train_mse,train_r2,train_rmse,train_smape,train_time_s,val_mae,val_mse,val_r2,val_rmse,val_smape
None,0.3395405919116456,0,2.2583804672550185,0,geo_sparse,0.05458373576402664,0.05296274274587631,0.052772048860788345,,,2197,2453,10853.694023076127,4.494181924396091,0.18425995111465454,0.05458373576402664,0.7956025948668249,0.2336316240666632,0.7161492109298706,0.18054378032684326,0.05296274274587631,0.814086572945475,0.23013635685366254,0.703766405582428,3.396078784018755,0.1815163940191269,0.052772048860788345,0.8014831862208155,0.22972167695014842,0.7226397395133972
None,0.10534812309779226,0,1.3462108320570045,0,dense_resrelu,0.09566505253314972,0.09157558530569077,0.09299707412719727,80,0.03261312678353037,2533,2533,34976.90077959118,2.970577778639617,0.2539525330066681,0.09566505253314972,0.6417671266723464,0.3092976762491916,0.9138675332069397,0.24537868797779083,0.09157558530569077,0.6785451476440083,0.30261458211013353,0.889648973941803,1.0538383669918403,0.24783098697662354,0.09299707412719727,0.6501655085825901,0.30495421644436604,0.8955063223838806
None,0.1439576295844745,0,1.7315975688459575,0,dense_respsann,0.13413603603839874,0.13245585560798645,0.12816795706748962,18,0.007337953526294333,2435,2435,25598.36118885165,4.528228768595943,0.29294490814208984,0.13413603603839874,0.4977064629722918,0.366245868288502,1.0182039737701416,0.2925771474838257,0.13245585560798645,0.5350444251468536,0.36394485242682917,1.006705403327942,1.4399359290255234,0.2968446910381317,0.12816795706748962,0.5178603878685653,0.358005526587914,1.0490310192108154
