compile_time_s,epoch_time_s_mean,grad_nonfinite_steps,grad_norm_max,loss_nonfinite_steps,model,mse_test,mse_train,mse_val,param_mismatch,param_mismatch_ratio,params_analytic,params_empirical,samples_per_sec,step_time_ms_mean,test_mae,test_mse,test_r2,test_rmse,test_smape,train_mae,train_mse,train_r2,train_rmse,train_smape,train_time_s,val_mae,val_mse,val_r2,val_rmse,val_smape
None,0.4346887798921671,0,2.287902899523377,0,geo_sparse,0.09365200996398926,0.1013329029083252,0.09702081233263016,,,1305,1817,8478.062442326102,7.914813606827347,0.24497820436954498,0.09365200996398926,0.6493052819817928,0.30602615895375557,0.8795241117477417,0.2531854808330536,0.1013329029083252,0.6442943359245581,0.31832829423148234,0.9048381447792053,4.347691497998312,0.24958044290542603,0.09702081233263016,0.6350290753023451,0.31148164044230625,0.9174002408981323
None,0.5723701375944075,0,1.0022526468329376,0,dense_resrelu,0.12627854943275452,0.12961392104625702,0.12271715700626373,134,0.07374793615850303,1683,1683,6438.648139277547,15.292865223354763,0.2908437252044678,0.12627854943275452,0.5271300605070144,0.35535693243942,1.01619553565979,0.2914482653141022,0.12961392104625702,0.5450204077836717,0.3600193342672821,1.0048340559005737,5.724804213969037,0.28057608008384705,0.12271715700626373,0.5383651050451698,0.35031008693194055,0.9793817400932312
None,0.817184062988963,0,0.9149381960386731,0,dense_respsann,0.16513681411743164,0.1672694981098175,0.15510176122188568,82,0.045129334067143645,1899,1899,4510.062448831378,31.525389000221534,0.3254276514053345,0.16513681411743164,0.38161916136550467,0.406370291873596,1.125556468963623,0.3284217119216919,0.1672694981098175,0.4128392336298885,0.4089859387678475,1.1211910247802734,8.172835835022852,0.3161512017250061,0.15510176122188568,0.4165413662256091,0.39382960937680356,1.1158967018127441
