compile_time_s,epoch_time_s_mean,grad_nonfinite_steps,grad_norm_max,loss_nonfinite_steps,model,mse_test,mse_train,mse_val,param_mismatch,param_mismatch_ratio,params_analytic,params_empirical,samples_per_sec,step_time_ms_mean,test_mae,test_mse,test_r2,test_rmse,test_smape,train_mae,train_mse,train_r2,train_rmse,train_smape,train_time_s,val_mae,val_mse,val_r2,val_rmse,val_smape
None,0.36657941380981357,0,2.1601940716453396,0,geo_sparse,0.10185445845127106,0.10655109584331512,0.10011181980371475,,,1305,1529,10052.1165893349,9.809916496276855,0.25724947452545166,0.10185445845127106,0.6185899202889444,0.31914645298243727,0.9139034748077393,0.26197052001953125,0.10655109584331512,0.6259770858545171,0.3264216534534974,0.929294228553772,3.666889422980603,0.25096023082733154,0.10011181980371475,0.6234014043729434,0.31640451925298846,0.8994337320327759
None,0.1645646761986427,0,0.9815920857509697,0,dense_resrelu,0.1266603320837021,0.13000814616680145,0.12334678322076797,154,0.10071942446043165,1683,1683,22390.53644798398,5.8090358663488315,0.2920040786266327,0.1266603320837021,0.5257004151724425,0.3558937089689871,1.0169780254364014,0.2920713424682617,0.13000814616680145,0.5436365612622949,0.3605664240702418,1.002710223197937,1.6462312140502036,0.2807632088661194,0.12334678322076797,0.53599657670795,0.3512076070086865,0.9780861735343933
None,0.24540896229445935,0,1.3204603346380273,0,dense_respsann,0.20499619841575623,0.2205539345741272,0.2035532146692276,32,0.020928711576193592,1561,1561,15016.171288119647,7.845283561282688,0.35933351516723633,0.20499619841575623,0.2323594119777953,0.4527650587399123,1.253469705581665,0.3743015229701996,0.2205539345741272,0.22579657781637297,0.46963170098932544,1.2834736108779907,2.454686969984323,0.3550942838191986,0.2035532146692276,0.23427766465737965,0.45116872084534804,1.2173460721969604
