compile_time_s,epoch_time_s_mean,grad_nonfinite_steps,grad_norm_max,loss_nonfinite_steps,model,mse_test,mse_train,mse_val,param_mismatch,param_mismatch_ratio,params_analytic,params_empirical,samples_per_sec,step_time_ms_mean,test_mae,test_mse,test_r2,test_rmse,test_smape,train_mae,train_mse,train_r2,train_rmse,train_smape,train_time_s,val_mae,val_mse,val_r2,val_rmse,val_smape
None,0.34084350719931533,0,2.435207677038564,0,geo_sparse,0.14816081523895264,0.13331584632396698,0.14031781256198883,,,9289,11337,10811.840868125799,7.86174217859904,0.298800528049469,0.14816081523895264,0.4713691220017201,0.38491663414167054,1.0205683708190918,0.2891874313354492,0.13331584632396698,0.5237473450435943,0.36512442581121163,1.0134838819503784,3.409225167997647,0.2957618236541748,0.14031781256198883,0.46396277502289174,0.3745901928267594,1.0751270055770874
None,0.4013774439925328,0,1.171894162140582,0,dense_resrelu,0.13905425369739532,0.10772236436605453,0.13034053146839142,48,0.004233924318602805,11385,11385,9181.313400817135,14.169885547072798,0.3031501770019531,0.13905425369739532,0.5038609088179224,0.37289979042283644,1.0416303873062134,0.26589810848236084,0.10772236436605453,0.6151765725688478,0.3282108535165383,0.9616027474403381,4.014676156977657,0.2914896011352539,0.13034053146839142,0.5020776509883291,0.36102705088177456,1.0688390731811523
None,0.7896069394075311,0,1.264517484618568,0,dense_respsann,0.23758816719055176,0.21367721259593964,0.21319617331027985,242,0.021346035106289143,11095,11095,4667.616316971514,21.122122587981046,0.3852919340133667,0.23758816719055176,0.1522965014644222,0.48743016647572374,1.2829926013946533,0.36847344040870667,0.21367721259593964,0.23666736586088966,0.46225232567931945,1.266715168952942,7.896964423998725,0.3703426420688629,0.21319617331027985,0.18555540998579045,0.4617317113977335,1.337656855583191
