compile_time_s,epoch_time_s_mean,grad_nonfinite_steps,grad_norm_max,loss_nonfinite_steps,model,mse_test,mse_train,mse_val,param_mismatch,param_mismatch_ratio,params_analytic,params_empirical,samples_per_sec,step_time_ms_mean,test_mae,test_mse,test_r2,test_rmse,test_smape,train_mae,train_mse,train_r2,train_rmse,train_smape,train_time_s,val_mae,val_mse,val_r2,val_rmse,val_smape
None,0.3369441984978039,0,3.233155650547824,0,geo_sparse,0.15246149897575378,0.13530151546001434,0.13816462457180023,,,4677,5701,10936.574375359849,4.287492769735831,0.3021640181541443,0.15246149897575378,0.4560244830287806,0.39046318517339607,1.0348559617996216,0.2903499901294708,0.13530151546001434,0.5166538066984699,0.3678335431414791,1.019707441329956,3.370342370006256,0.2942648231983185,0.13816462457180023,0.4721883237393538,0.3717050236031257,1.0943552255630493
None,0.11506230190279894,0,2.0546973187004096,0,dense_resrelu,0.14693495631217957,0.1219644695520401,0.15302309393882751,108,0.018944044904402737,5593,5593,32024.288973095605,2.699242680161088,0.31279993057250977,0.14693495631217957,0.47574292947380326,0.3833209573088583,1.071245789527893,0.2828679382801056,0.1219644695520401,0.5642985987603559,0.3492341185394693,0.9957571029663086,1.1510013549705036,0.3172709047794342,0.15302309393882751,0.41542648217014044,0.3911816636025103,1.1333273649215698
None,0.1530869759968482,0,1.948804584962139,0,dense_respsann,0.23744285106658936,0.21434377133846283,0.21341091394424438,156,0.02736362041747062,5857,5857,24072.313638132844,4.11576654292919,0.3847797214984894,0.23744285106658936,0.15281498261663273,0.48728108014429344,1.277768611907959,0.3691430389881134,0.21434377133846283,0.23428614221894428,0.46297275442347885,1.2673414945602417,1.5312196639715694,0.3693404793739319,0.21341091394424438,0.18473506946485718,0.46196419119261223,1.3374614715576172
