compile_time_s,epoch_time_s_mean,grad_nonfinite_steps,grad_norm_max,loss_nonfinite_steps,model,mse_test,mse_train,mse_val,param_mismatch,param_mismatch_ratio,params_analytic,params_empirical,samples_per_sec,step_time_ms_mean,test_mae,test_mse,test_r2,test_rmse,test_smape,train_mae,train_mse,train_r2,train_rmse,train_smape,train_time_s,val_mae,val_mse,val_r2,val_rmse,val_smape
None,0.18363474879879504,0,2.1215519841031374,0,geo_sparse,0.08430121839046478,0.08236860483884811,0.09646647423505783,,,2197,2261,20066.671597820663,3.160456277706005,0.23743122816085815,0.08430121839046478,0.7013015709157047,0.2903467209914119,0.8470898270606995,0.2354556769132614,0.08236860483884811,0.7100564760532837,0.28699931156511177,0.872527539730072,1.8368766250205226,0.25725221633911133,0.09646647423505783,0.703905882492708,0.3105905250246018,0.8807995319366455
None,0.10464161448180676,0,1.8835754505783342,0,dense_resrelu,0.11366970837116241,0.10894233733415604,0.12592093646526337,6,0.0026536930561698365,2255,2255,35212.647487433416,2.9472900849801524,0.2726595997810364,0.11366970837116241,0.5972423178076325,0.337149385838329,0.940301775932312,0.26763054728507996,0.10894233733415604,0.6165149964170592,0.33006414124251066,0.9422817230224609,1.0467829779954627,0.2968483865261078,0.12592093646526337,0.6134983604212803,0.35485340137197974,0.9819419384002686
None,0.2665498338988982,0,1.4344639139218092,0,dense_respsann,0.17042261362075806,0.1697731912136078,0.1901898980140686,100,0.044228217602830605,2161,2161,13826.567285249303,3.907175143559774,0.33437418937683105,0.17042261362075806,0.39615384046788504,0.4128227387399561,1.1473385095596313,0.3312453627586365,0.1697731912136078,0.4023859343082057,0.41203542470715765,1.1444017887115479,2.665882228000555,0.34628987312316895,0.1901898980140686,0.41623126958658585,0.4361076679147807,1.1058366298675537
