compile_time_s,epoch_time_s_mean,grad_nonfinite_steps,grad_norm_max,loss_nonfinite_steps,model,mse_test,mse_train,mse_val,param_mismatch,param_mismatch_ratio,params_analytic,params_empirical,samples_per_sec,step_time_ms_mean,test_mae,test_mse,test_r2,test_rmse,test_smape,train_mae,train_mse,train_r2,train_rmse,train_smape,train_time_s,val_mae,val_mse,val_r2,val_rmse,val_smape
None,0.17339410011773,0,2.632070738959341,0,geo_sparse,0.0998585894703865,0.10078079253435135,0.09429864585399628,,,1173,1237,21252.480260423807,3.1189214476832636,0.25655555725097656,0.0998585894703865,0.6260637663892229,0.3160040972367075,0.9348305463790894,0.25610119104385376,0.10078079253435135,0.6462324069327177,0.31745990697149673,0.9172430038452148,1.734385801013559,0.24931393563747406,0.09429864585399628,0.6452692713478352,0.30708084579471295,0.9021033048629761
None,0.09275031130528077,0,1.5707527714277567,0,dense_resrelu,0.12206258624792099,0.1198611706495285,0.11197555065155029,66,0.05335489086499596,1303,1303,39726.19777609497,2.7631075558839022,0.2850492596626282,0.12206258624792099,0.5429173994103529,0.34937456439746867,0.9806028604507446,0.27991920709609985,0.1198611706495285,0.5792551478648843,0.3462097206167506,0.972744882106781,0.9278511930024251,0.2736409902572632,0.11197555065155029,0.5787726422797008,0.3346274804189732,0.9515674710273743
None,0.14065147601650096,0,1.5754695582895322,0,dense_respsann,0.17484164237976074,0.18459217250347137,0.17075765132904053,12,0.009700889248181084,1225,1225,26199.970129692916,4.231510489075272,0.33076512813568115,0.17484164237976074,0.34527790171521733,0.4181406968709943,1.154603362083435,0.34403127431869507,0.18459217250347137,0.3520320014508068,0.42964191194932483,1.1821131706237793,1.4068718329654075,0.32853230834007263,0.17075765132904053,0.35764735891870336,0.41322832832350753,1.1525777578353882
