compile_time_s,epoch_time_s_mean,grad_nonfinite_steps,grad_norm_max,loss_nonfinite_steps,model,mse_test,mse_train,mse_val,param_mismatch,param_mismatch_ratio,params_analytic,params_empirical,samples_per_sec,step_time_ms_mean,test_mae,test_mse,test_r2,test_rmse,test_smape,train_mae,train_mse,train_r2,train_rmse,train_smape,train_time_s,val_mae,val_mse,val_r2,val_rmse,val_smape
None,0.2675724626053125,0,3.3571535857804173,0,geo_sparse,0.12416532635688782,0.10774721950292587,0.12110541760921478,,,5193,5705,13771.752256442933,5.490986665089925,0.280400812625885,0.12416532635688782,0.5569839070936218,0.3523710066916514,0.971989095211029,0.26424312591552734,0.10774721950292587,0.6150877831840122,0.3282487159196908,0.9516292810440063,2.676493108039722,0.2769806981086731,0.12110541760921478,0.5373573050008285,0.3480020367888883,1.0108375549316406
None,0.21420503000263125,0,1.9090322765757062,0,dense_resrelu,0.21793369948863983,0.18992102146148682,0.20327185094356537,160,0.028045574057843997,5545,5545,17202.931063282398,5.142563572636357,0.37091752886772156,0.21793369948863983,0.2224227254669946,0.4668336957511099,1.246786117553711,0.3479384481906891,0.18992102146148682,0.3215330998663486,0.4357992903407334,1.2057865858078003,2.1426581240375526,0.35641250014305115,0.20327185094356537,0.22346793765895434,0.45085679649259514,1.2663013935089111
None,0.3697237788932398,0,1.59217300843063,0,dense_respsann,0.2363917976617813,0.21427330374717712,0.2134360671043396,224,0.0392638036809816,5929,5929,9967.804828778098,20.394934512950755,0.3844640552997589,0.2363917976617813,0.15656509213992786,0.4862013961948087,1.2814915180206299,0.36913859844207764,0.21427330374717712,0.23453789946202264,0.4628966447784831,1.2697995901107788,3.6979054699768312,0.37053513526916504,0.2134360671043396,0.18463896024611348,0.46199141453531317,1.3430018424987793
