compile_time_s,epoch_time_s_mean,grad_nonfinite_steps,grad_norm_max,loss_nonfinite_steps,model,mse_test,mse_train,mse_val,param_mismatch,param_mismatch_ratio,params_analytic,params_empirical,samples_per_sec,step_time_ms_mean,test_mae,test_mse,test_r2,test_rmse,test_smape,train_mae,train_mse,train_r2,train_rmse,train_smape,train_time_s,val_mae,val_mse,val_r2,val_rmse,val_smape
None,0.3264939909044188,0,2.6947371646952876,0,geo_sparse,0.1330786645412445,0.11730609089136124,0.11848914623260498,,,8773,9797,11287.509654074815,4.421473158730401,0.28068843483924866,0.1330786645412445,0.5251815322032514,0.36479948539059714,0.9743791818618774,0.26722168922424316,0.11730609089136124,0.5809400128031809,0.34249976772453616,0.9546858668327332,3.2655564539600164,0.27317896485328674,0.11848914623260498,0.5473518817964661,0.344222524295847,1.0324671268463135
None,0.1251537878997624,0,1.1383700921136621,0,dense_resrelu,0.12782958149909973,0.09513919055461884,0.12943768501281738,252,0.025722159844850465,9545,9545,29442.578509441035,2.909834658658063,0.29196804761886597,0.12782958149909973,0.5439100156607679,0.3575326299781598,1.006854772567749,0.25121068954467773,0.09513919055461884,0.6601282542255997,0.3084464143974101,0.9108599424362183,1.2519283930305392,0.29243168234825134,0.12943768501281738,0.5055266710546118,0.3597744918873729,1.0412182807922363
None,0.22405445700278506,0,1.0004235743441576,0,dense_respsann,0.23655065894126892,0.21407654881477356,0.21220159530639648,108,0.0110237827906502,9905,9905,16448.00961851563,4.222678546552305,0.38391685485839844,0.23655065894126892,0.15599828250460002,0.4863647385874812,1.2810146808624268,0.36865562200546265,0.21407654881477356,0.2352407612012748,0.46268407019776847,1.2642701864242554,2.241000635025557,0.3686816096305847,0.21220159530639648,0.18935485194097612,0.4606534438234414,1.3340407609939575
