compile_time_s,epoch_time_s_mean,grad_nonfinite_steps,grad_norm_max,loss_nonfinite_steps,model,mse_test,mse_train,mse_val,param_mismatch,param_mismatch_ratio,params_analytic,params_empirical,samples_per_sec,step_time_ms_mean,test_mae,test_mse,test_r2,test_rmse,test_smape,train_mae,train_mse,train_r2,train_rmse,train_smape,train_time_s,val_mae,val_mse,val_r2,val_rmse,val_smape
None,0.22049182748887688,0,3.6788395424210147,0,geo_sparse,0.11068735271692276,0.09427813440561295,0.0965941846370697,,,8773,9797,16713.64719813161,4.294033801114118,0.25711143016815186,0.11068735271692276,0.6050726883779409,0.3326970885308778,0.9011527895927429,0.2391413152217865,0.09427813440561295,0.6632042355790009,0.30704744650560595,0.8683403730392456,2.2053833949612454,0.24676623940467834,0.0965941846370697,0.6309942704830462,0.3107960499058341,0.9379512071609497
None,0.10115836280747317,0,2.2409973315935288,0,dense_resrelu,0.1233748197555542,0.09590763598680496,0.12118764966726303,252,0.025722159844850465,9545,9545,36425.512552430824,2.838452144905373,0.28811150789260864,0.1233748197555542,0.559804397774997,0.35124751921622765,0.9965106248855591,0.25213152170181274,0.09590763598680496,0.6573830887514083,0.30968958004234654,0.9093865752220154,1.0119281079969369,0.28444525599479675,0.12118764966726303,0.5370431728724052,0.34812016555675573,0.9978037476539612
None,0.19375363770523107,0,1.6814222459192885,0,dense_respsann,0.23646536469459534,0.21238988637924194,0.2130795568227768,108,0.0110237827906502,9905,9905,19020.718611824028,4.393865479363336,0.38377106189727783,0.23646536469459534,0.1563026083982888,0.48627704520632614,1.2766906023025513,0.36709046363830566,0.21238988637924194,0.2412661354446869,0.4608577723975608,1.256546139717102,1.9378868250059895,0.3691624402999878,0.2130795568227768,0.1860009103362834,0.46160541247127596,1.330269694328308
