compile_time_s,epoch_time_s_mean,grad_nonfinite_steps,grad_norm_max,loss_nonfinite_steps,model,mse_test,mse_train,mse_val,param_mismatch,param_mismatch_ratio,params_analytic,params_empirical,samples_per_sec,step_time_ms_mean,test_mae,test_mse,test_r2,test_rmse,test_smape,train_mae,train_mse,train_r2,train_rmse,train_smape,train_time_s,val_mae,val_mse,val_r2,val_rmse,val_smape
None,0.20361344459233804,0,2.2204267480076183,0,geo_sparse,0.1300957053899765,0.13237275183200836,0.12339232116937637,,,1173,1237,18098.805043241,3.381405618455675,0.28762614727020264,0.1300957053899765,0.5128361181499392,0.3606878226250181,1.0293270349502563,0.29383549094200134,0.13237275183200836,0.5353361558966346,0.3638306636774976,1.0361666679382324,2.0365985440439545,0.2805953025817871,0.12339232116937637,0.535825286105007,0.35127243155331217,1.0122209787368774
None,0.2874965282971971,0,1.4439658393993586,0,dense_resrelu,0.12440840899944305,0.1211935356259346,0.11354366689920425,66,0.05335489086499596,1303,1303,12817.873785043092,4.412509617982088,0.2879878580570221,0.12440840899944305,0.5341330962364856,0.3527157623348339,0.998664915561676,0.28100281953811646,0.1211935356259346,0.5745782139498332,0.34812861937211453,0.9780158400535583,2.875671942019835,0.27556127309799194,0.11354366689920425,0.572873756515623,0.33696241170077745,0.9647021889686584
None,0.353452975518303,0,1.3199705884451247,0,dense_respsann,0.17495061457157135,0.18434910476207733,0.17172014713287354,12,0.009700889248181084,1225,1225,10427.402285704553,13.110850440131294,0.3305187225341797,0.17495061457157135,0.34486983816064387,0.4182709822251256,1.15898597240448,0.34439948201179504,0.18434910476207733,0.35288522234661035,0.4293589462932819,1.1889251470565796,3.534916846023407,0.33000263571739197,0.17172014713287354,0.3540266661738649,0.4143912971249198,1.172663688659668
