compile_time_s,epoch_time_s_mean,grad_nonfinite_steps,grad_norm_max,loss_nonfinite_steps,model,mse_test,mse_train,mse_val,param_mismatch,param_mismatch_ratio,params_analytic,params_empirical,samples_per_sec,step_time_ms_mean,test_mae,test_mse,test_r2,test_rmse,test_smape,train_mae,train_mse,train_r2,train_rmse,train_smape,train_time_s,val_mae,val_mse,val_r2,val_rmse,val_smape
None,0.29969687409466134,0,2.4001590616557493,0,geo_sparse,0.043615467846393585,0.03748742863535881,0.043959278613328934,,,8773,9221,12295.676688426385,6.259454833136664,0.16623689234256744,0.043615467846393585,0.8346664118772392,0.2088431656683876,0.6734426021575928,0.15500666201114655,0.03748742863535881,0.8602523467208624,0.19361670546561527,0.6681025624275208,2.9978016610257328,0.1703430712223053,0.043959278613328934,0.8249843550189403,0.20966468136843872,0.7252482175827026
None,0.09966682361555286,0,1.274829820472666,0,dense_resrelu,0.145369291305542,0.11679310351610184,0.13486804068088531,226,0.024509272313198136,8995,8995,36970.3924828693,3.019644428182531,0.31046226620674133,0.145369291305542,0.4489471804119274,0.38127325018356845,1.0751962661743164,0.2758861184120178,0.11679310351610184,0.5646123851948129,0.34175006000892205,0.9921953678131104,0.9970140299992636,0.29715871810913086,0.13486804068088531,0.463048136459944,0.3672438436255744,1.0512415170669556
None,0.21589366440312005,0,1.3947095701455394,0,dense_respsann,0.21385446190834045,0.21054254472255707,0.2246141880750656,122,0.013230669124823772,9343,9343,17070.42613242136,6.611457153602883,0.3755425214767456,0.21385446190834045,0.18933976249226991,0.4624440094847596,1.3225996494293213,0.366044282913208,0.21054254472255707,0.21512819835393115,0.45884915247013053,1.2987682819366455,2.159289974020794,0.37913697957992554,0.2246141880750656,0.10574058750747062,0.4739347930623638,1.3459734916687012
