compile_time_s,epoch_time_s_mean,grad_nonfinite_steps,grad_norm_max,loss_nonfinite_steps,model,mse_test,mse_train,mse_val,param_mismatch,param_mismatch_ratio,params_analytic,params_empirical,samples_per_sec,step_time_ms_mean,test_mae,test_mse,test_r2,test_rmse,test_smape,train_mae,train_mse,train_r2,train_rmse,train_smape,train_time_s,val_mae,val_mse,val_r2,val_rmse,val_smape
None,0.41389022378716617,0,2.0085878050935406,0,geo_sparse,0.10764173418283463,0.11083322018384933,0.11125203222036362,,,661,917,8904.057034569743,4.294210363317419,0.2619382441043854,0.10764173418283463,0.5911840714401246,0.32808799762081303,0.9477937817573547,0.26408493518829346,0.11083322018384933,0.5851038778180033,0.33291623598714637,0.9646646976470947,4.139685972011648,0.26222068071365356,0.11125203222036362,0.5673489452403203,0.3335446480163692,0.9937013387680054
None,0.08967676020693034,0,1.5661201696181815,0,dense_resrelu,0.17629633843898773,0.17872686684131622,0.17273151874542236,6,0.006543075245365322,923,923,41085.84598473677,2.4923994187955505,0.32796013355255127,0.17629633843898773,0.33043859012693144,0.4198765752444255,1.1607186794281006,0.33791035413742065,0.17872686684131622,0.33094893555958393,0.42276100440002295,1.2023409605026245,0.8971459420281462,0.33343660831451416,0.17273151874542236,0.32825971201998927,0.4156098155065907,1.2319929599761963
None,0.14859528520028106,0,0.8897989927915329,0,dense_respsann,0.1931920051574707,0.20566000044345856,0.18870753049850464,64,0.0697928026172301,853,853,24799.087444704965,3.7831928730010986,0.34678924083709717,0.1931920051574707,0.26627000597515116,0.43953612497435374,1.2480859756469727,0.3633950352668762,0.20566000044345856,0.23012672123714295,0.45349751977652375,1.2966499328613281,1.486345015000552,0.34828484058380127,0.18870753049850464,0.26613018194754634,0.43440480027101985,1.3038642406463623
