compile_time_s,epoch_time_s_mean,grad_nonfinite_steps,grad_norm_max,loss_nonfinite_steps,model,mse_test,mse_train,mse_val,param_mismatch,param_mismatch_ratio,params_analytic,params_empirical,samples_per_sec,step_time_ms_mean,test_mae,test_mse,test_r2,test_rmse,test_smape,train_mae,train_mse,train_r2,train_rmse,train_smape,train_time_s,val_mae,val_mse,val_r2,val_rmse,val_smape
None,0.2781494586903136,0,2.460222503301202,0,geo_sparse,0.16717574000358582,0.14442017674446106,0.1445179134607315,,,2629,3653,13249.129134146811,5.100413622679533,0.3186030089855194,0.16717574000358582,0.40352475736868476,0.40887130004878774,1.0502849817276,0.2983033061027527,0.14442017674446106,0.4840786613613087,0.380026547420652,1.0187046527862549,2.782069645996671,0.30104967951774597,0.1445179134607315,0.4479176892784693,0.380155117630595,1.0867704153060913
None,0.10367234621662647,0,1.1270689144789579,0,dense_resrelu,0.22915583848953247,0.20467345416545868,0.20921559631824493,10,0.002737476047084588,3643,3643,35542.42664051124,2.617165044501976,0.37873250246047974,0.22915583848953247,0.1823826569543252,0.4787022440824071,1.2694168090820312,0.36070236563682556,0.20467345416545868,0.2688320747245784,0.4524085036396406,1.2435859441757202,1.0370704390225,0.36479637026786804,0.20921559631824493,0.2007618503839641,0.45740091420792434,1.3191885948181152
None,0.16296628190902993,0,1.2429103104747163,0,dense_respsann,0.2370155155658722,0.21416524052619934,0.21314607560634613,160,0.04379961675335341,3493,3493,22613.284242376598,4.603893341841521,0.3847552537918091,0.2370155155658722,0.1543396957506663,0.48684239294238973,1.282170295715332,0.3690369129180908,0.21416524052619934,0.23492393512187448,0.46277990505876476,1.2683788537979126,1.6300153310294263,0.370548814535141,0.21314607560634613,0.18574677538287476,0.46167745841263047,1.3416674137115479
