compile_time_s,epoch_time_s_mean,grad_nonfinite_steps,grad_norm_max,loss_nonfinite_steps,model,mse_test,mse_train,mse_val,param_mismatch,param_mismatch_ratio,params_analytic,params_empirical,samples_per_sec,step_time_ms_mean,test_mae,test_mse,test_r2,test_rmse,test_smape,train_mae,train_mse,train_r2,train_rmse,train_smape,train_time_s,val_mae,val_mse,val_r2,val_rmse,val_smape
None,0.3207765582832508,0,2.254589272830015,0,geo_sparse,0.1013135239481926,0.09985210001468658,0.09826461225748062,,,1173,1429,11488.592212214047,3.9715223577287464,0.25148093700408936,0.1013135239481926,0.6152181801697649,0.31829785413695866,0.9465083479881287,0.2475350797176361,0.09985210001468658,0.6262109057684553,0.3159938290769087,0.932590901851654,3.208400064962916,0.24839235842227936,0.09826461225748062,0.6178560950973464,0.31347186836697266,0.9891393780708313
None,0.2819740135106258,0,1.07751925147769,0,dense_resrelu,0.1145707368850708,0.11937271058559418,0.12912863492965698,88,0.0615815255423373,1517,1517,13069.28963155256,4.622971208007248,0.269389271736145,0.1145707368850708,0.5648681940974472,0.3384829934946079,0.9591204524040222,0.27914750576019287,0.11937271058559418,0.5531369139177649,0.345503560886996,0.995633065700531,2.8203522179974243,0.2944675385951996,0.12912863492965698,0.49782818054335176,0.35934472993165906,1.0655754804611206
None,0.38355572588625364,0,0.8216860436262274,0,dense_respsann,0.18220126628875732,0.19058719277381897,0.17831172049045563,6,0.004198740377886634,1435,1435,9609.075779179577,14.084399505897805,0.3356889486312866,0.18220126628875732,0.30801207888286064,0.426850402704223,1.2100622653961182,0.35084548592567444,0.19058719277381897,0.2865506638553914,0.43656293105784755,1.2579435110092163,3.835956844035536,0.3371953070163727,0.17831172049045563,0.30655874061898325,0.4222697248092215,1.2567158937454224
