compile_time_s,epoch_time_s_mean,grad_nonfinite_steps,grad_norm_max,loss_nonfinite_steps,model,mse_test,mse_train,mse_val,param_mismatch,param_mismatch_ratio,params_analytic,params_empirical,samples_per_sec,step_time_ms_mean,test_mae,test_mse,test_r2,test_rmse,test_smape,train_mae,train_mse,train_r2,train_rmse,train_smape,train_time_s,val_mae,val_mse,val_r2,val_rmse,val_smape
None,0.30212103499798104,0,2.097477138745035,0,geo_sparse,0.06849173456430435,0.06244055926799774,0.07255227863788605,,,2197,2453,12197.788698964363,4.75031230184767,0.2118183672428131,0.06849173456430435,0.7573181751080094,0.2617092557864631,0.8011214733123779,0.19762375950813293,0.06244055926799774,0.7802046659483299,0.2498810902569415,0.7524957060813904,3.021859200031031,0.21286484599113464,0.07255227863788605,0.7773081014356966,0.26935530185590567,0.763056755065918
None,0.1515909288020339,0,1.8643807525426181,0,dense_resrelu,0.10601448267698288,0.09949108213186264,0.11561315506696701,80,0.03261312678353037,2533,2533,24307.81638051124,2.9837996694776745,0.26415979862213135,0.10601448267698288,0.624366527075239,0.32559865275670735,0.9084568023681641,0.25679633021354675,0.09949108213186264,0.6497841200939736,0.315422069823693,0.9173564314842224,1.516384665039368,0.28030428290367126,0.11561315506696701,0.645137072116561,0.3400193451363716,0.9342530965805054
None,0.14089592360542155,0,1.360572982142952,0,dense_respsann,0.17232337594032288,0.17105093598365784,0.19286957383155823,18,0.007337953526294333,2435,2435,26154.565163253486,4.566612190670437,0.33673644065856934,0.17232337594032288,0.3894190063841484,0.4151185083085587,1.1573536396026611,0.3326946496963501,0.17105093598365784,0.3978881691143392,0.4135830460544265,1.1491223573684692,1.4093141969642602,0.35132327675819397,0.19286957383155823,0.408006302891064,0.4391691858857566,1.1176555156707764
