compile_time_s,epoch_time_s_mean,grad_nonfinite_steps,grad_norm_max,loss_nonfinite_steps,model,mse_test,mse_train,mse_val,param_mismatch,param_mismatch_ratio,params_analytic,params_empirical,samples_per_sec,step_time_ms_mean,test_mae,test_mse,test_r2,test_rmse,test_smape,train_mae,train_mse,train_r2,train_rmse,train_smape,train_time_s,val_mae,val_mse,val_r2,val_rmse,val_smape
None,0.27018621189636177,0,2.7311211601583176,0,geo_sparse,0.09198322892189026,0.09473533928394318,0.09701722115278244,,,2329,2457,13638.113497955295,5.0879763144033925,0.24300751090049744,0.09198322892189026,0.6506540011723928,0.3032873701984477,0.8933358192443848,0.2494312822818756,0.09473533928394318,0.6453651305380299,0.3077910643341408,0.9192227721214294,2.702719845052343,0.256602019071579,0.09701722115278244,0.6227070937297692,0.311475875715572,0.9597339034080505
None,0.16437759400578217,0,2.1416338336907828,0,dense_resrelu,0.10739586502313614,0.10862255096435547,0.11610016971826553,50,0.02035002035002035,2407,2407,22415.79933235172,5.159812715318468,0.26228415966033936,0.10739586502313614,0.5921178656565541,0.32771308338718513,0.9322153925895691,0.2665787637233734,0.10862255096435547,0.5933793600619365,0.3295793545784618,0.9518764019012451,1.644375891017262,0.2777138352394104,0.11610016971826553,0.5484948979628759,0.34073474979559326,0.9939013719558716
None,0.25208935338887384,0,1.8088595664543294,0,dense_respsann,0.14086946845054626,0.14860273897647858,0.14266230165958405,188,0.07651607651607652,2269,2269,14618.212932438359,8.12486281218352,0.29906246066093445,0.14086946845054626,0.46498741415177025,0.37532581639229967,1.0298957824707031,0.31136927008628845,0.14860273897647858,0.4437164248538136,0.3854902579527511,1.0907337665557861,2.5215120459906757,0.30345290899276733,0.14266230165958405,0.4451967196672195,0.3777066343865091,1.0911414623260498
