compile_time_s,epoch_time_s_mean,grad_nonfinite_steps,grad_norm_max,loss_nonfinite_steps,model,mse_test,mse_train,mse_val,param_mismatch,param_mismatch_ratio,params_analytic,params_empirical,samples_per_sec,step_time_ms_mean,test_mae,test_mse,test_r2,test_rmse,test_smape,train_mae,train_mse,train_r2,train_rmse,train_smape,train_time_s,val_mae,val_mse,val_r2,val_rmse,val_smape
None,0.3988597615098115,0,2.3674223738359834,0,geo_sparse,0.14564058184623718,0.14370298385620117,0.13620230555534363,,,661,917,9239.58856862952,4.311358796225654,0.29916712641716003,0.14564058184623718,0.45462587719993297,0.38162885352949555,1.0485326051712036,0.3018704056739807,0.14370298385620117,0.495563995345328,0.37908176407762106,1.0495284795761108,3.9893551240093075,0.2904283404350281,0.13620230555534363,0.48763694148203407,0.36905596534312196,1.03630530834198
None,0.1376211699040141,0,1.0922809286162356,0,dense_resrelu,0.18827176094055176,0.20002885162830353,0.18688799440860748,6,0.006543075245365322,923,923,26776.246924844447,4.40747496816847,0.3413705825805664,0.18827176094055176,0.29498670515212466,0.4339029395389616,1.1813652515411377,0.3559722900390625,0.20002885162830353,0.2978451217201361,0.4472458514377786,1.2200465202331543,1.3765932209789753,0.34114596247673035,0.18688799440860748,0.29696855532931477,0.43230544110455915,1.1916574239730835
None,0.24898951060604305,0,0.9931283209562332,0,dense_respsann,0.20285886526107788,0.22075043618679047,0.2005433291196823,64,0.0697928026172301,853,853,14801.767901524157,4.257953202282941,0.35619622468948364,0.20285886526107788,0.2403629929824005,0.45039856267652306,1.2329237461090088,0.3739997148513794,0.22075043618679047,0.2251068051908195,0.46984086261923885,1.2770956754684448,2.490243074018508,0.3523687720298767,0.2005433291196823,0.2456002045127199,0.44782064391861426,1.2118761539459229
