compile_time_s,epoch_time_s_mean,grad_nonfinite_steps,grad_norm_max,loss_nonfinite_steps,model,mse_test,mse_train,mse_val,param_mismatch,param_mismatch_ratio,params_analytic,params_empirical,samples_per_sec,step_time_ms_mean,test_mae,test_mse,test_r2,test_rmse,test_smape,train_mae,train_mse,train_r2,train_rmse,train_smape,train_time_s,val_mae,val_mse,val_r2,val_rmse,val_smape
None,0.35685947610763835,0,2.9773811356822617,0,geo_sparse,0.092180997133255,0.08270549029111862,0.08979161083698273,,,5193,7241,10326.713519928198,9.417391494468406,0.23905619978904724,0.092180997133255,0.6820281528786698,0.30361323609693797,0.8667231798171997,0.22505693137645721,0.08270549029111862,0.7075710015402763,0.28758562253895553,0.8241097331047058,3.5693834179546684,0.2350904643535614,0.08979161083698273,0.6944345235381313,0.29965248344871553,0.8551599979400635
None,0.17012097569531762,0,1.8892499271471959,0,dense_resrelu,0.18749667704105377,0.1628376841545105,0.1779598891735077,254,0.03507802789669935,7495,7495,21659.36996746828,5.031789037916395,0.3467916250228882,0.18749667704105377,0.35324343864851215,0.4330088648527346,1.1857917308807373,0.3228858411312103,0.1628376841545105,0.4242406287756033,0.40353151568930834,1.12332284450531,1.701803886971902,0.33598390221595764,0.1779598891735077,0.3943933243361267,0.42185292362801957,1.1245781183242798
None,0.373087441601092,0,1.9657624293970144,0,dense_respsann,0.23900264501571655,0.21994870901107788,0.22960439324378967,4,0.0005524098881369977,7245,7245,9877.955755509187,8.403886282885516,0.38886359333992004,0.23900264501571655,0.17557723537452619,0.4888789676553048,1.3027478456497192,0.3754079043865204,0.21994870901107788,0.2223082224808215,0.46898689641724306,1.2665059566497803,3.7315413140458986,0.3890490233898163,0.22960439324378967,0.21864440567269827,0.4791705262678305,1.2949779033660889
