compile_time_s,epoch_time_s_mean,grad_nonfinite_steps,grad_norm_max,loss_nonfinite_steps,model,mse_test,mse_train,mse_val,param_mismatch,param_mismatch_ratio,params_analytic,params_empirical,samples_per_sec,step_time_ms_mean,test_mae,test_mse,test_r2,test_rmse,test_smape,train_mae,train_mse,train_r2,train_rmse,train_smape,train_time_s,val_mae,val_mse,val_r2,val_rmse,val_smape
None,0.2817406964837573,0,2.211021172652054,0,geo_sparse,0.08783718943595886,0.09178421646356583,0.09897276759147644,,,1305,1433,13079.36103073823,8.121249145931667,0.23923668265342712,0.08783718943595886,0.6887728196503956,0.2963733952903986,0.8479467630386353,0.24648483097553253,0.09178421646356583,0.6769128456500347,0.3029591003148211,0.8817066550254822,2.818180483998731,0.256485253572464,0.09897276759147644,0.6962130677839516,0.31459937633675694,0.8603775501251221
None,0.22396397129632534,0,1.7085439524580095,0,dense_resrelu,0.11654064059257507,0.11654067039489746,0.13539205491542816,64,0.044661549197487785,1369,1369,16453.56277159837,5.0528509705154985,0.27486592531204224,0.11654064059257507,0.5870699506590167,0.34138049240191665,0.9294753074645996,0.27676236629486084,0.11654067039489746,0.5897683171509378,0.3413805360516288,0.9483864307403564,2.240244287007954,0.29905837774276733,0.13539205491542816,0.5844277375641387,0.367956593792567,0.9459136724472046
None,0.8637558301910758,0,1.3940914276051786,0,dense_respsann,0.17961007356643677,0.1766032874584198,0.1993117481470108,128,0.08932309839497557,1561,1561,4266.905700077439,21.12650560449671,0.3421179950237274,0.17961007356643677,0.3636005760495915,0.42380428686651667,1.1493144035339355,0.3372509181499481,0.1766032874584198,0.37834350977116393,0.4202419391950544,1.142918348312378,8.638578536978457,0.35394561290740967,0.1993117481470108,0.3882326613950664,0.4464434433912215,1.12490975856781
