compile_time_s,epoch_time_s_mean,grad_nonfinite_steps,grad_norm_max,loss_nonfinite_steps,model,mse_test,mse_train,mse_val,param_mismatch,param_mismatch_ratio,params_analytic,params_empirical,samples_per_sec,step_time_ms_mean,test_mae,test_mse,test_r2,test_rmse,test_smape,train_mae,train_mse,train_r2,train_rmse,train_smape,train_time_s,val_mae,val_mse,val_r2,val_rmse,val_smape
None,0.18943054510164076,0,1.768951130617248,0,geo_sparse,0.0923890769481659,0.08951158076524734,0.1034344732761383,,,2197,2261,19453.239811005686,3.0831751028696694,0.24830181896686554,0.0923890769481659,0.6726444448152051,0.3039557154392164,0.8830527663230896,0.2445559799671173,0.08951158076524734,0.6849126775485015,0.29918486052146315,0.8944790363311768,1.8948000620002858,0.26477766036987305,0.1034344732761383,0.682518307467674,0.32161230274375124,0.8995097875595093
None,0.11640836701844819,0,1.402596331848247,0,dense_resrelu,0.11982360482215881,0.11584483087062836,0.13205061852931976,6,0.0026536930561698365,2255,2255,31654.958221821937,3.095533044249923,0.2812229096889496,0.11982360482215881,0.5754376602029689,0.3461554633718191,0.9744042158126831,0.2758289873600006,0.11584483087062836,0.5922177092050978,0.3403598549632849,0.9674117565155029,1.1644305369700305,0.3011857569217682,0.13205061852931976,0.594683929021423,0.3633876972729261,0.9968407154083252
None,0.25842575359274633,0,1.1178012947999432,0,dense_respsann,0.19492599368095398,0.19743743538856506,0.21778449416160583,100,0.044228217602830605,2161,2161,14260.677202290008,6.809841774128102,0.3580417335033417,0.19492599368095398,0.30933278057127245,0.44150423970892283,1.2297518253326416,0.35635796189308167,0.19743743538856506,0.30500577688729813,0.4443393246029042,1.218717098236084,2.5847299870220013,0.3704989552497864,0.21778449416160583,0.3315324583582646,0.46667386273671446,1.176930546760559
