compile_time_s,epoch_time_s_mean,grad_nonfinite_steps,grad_norm_max,loss_nonfinite_steps,model,mse_test,mse_train,mse_val,param_mismatch,param_mismatch_ratio,params_analytic,params_empirical,samples_per_sec,step_time_ms_mean,test_mae,test_mse,test_r2,test_rmse,test_smape,train_mae,train_mse,train_r2,train_rmse,train_smape,train_time_s,val_mae,val_mse,val_r2,val_rmse,val_smape
None,0.2587221024034079,0,3.182475873742125,0,geo_sparse,0.10721465945243835,0.09875147044658661,0.10399903357028961,,,4677,4933,14243.293312130461,3.248146975481952,0.2623845338821411,0.10721465945243835,0.6301705951900847,0.32743649682409925,0.9450908899307251,0.2555805742740631,0.09875147044658661,0.6508358405466212,0.3142474668896897,0.9346003532409668,2.5878846410196275,0.262385755777359,0.10399903357028961,0.6460859364947167,0.3224888115428032,0.9637047648429871
None,0.10127806129748933,0,1.9382759356778478,0,dense_resrelu,0.23510044813156128,0.21688362956047058,0.22700507938861847,168,0.03405635515913237,4765,4765,36382.80699633572,3.270199696222941,0.38631367683410645,0.23510044813156128,0.18903758826366113,0.4848715790099078,1.3017349243164062,0.37304913997650146,0.21688362956047058,0.2331457187601068,0.46570766534433444,1.2624460458755493,1.0131158930016682,0.3847009539604187,0.22700507938861847,0.22749001239142308,0.4764505004600357,1.2698131799697876
None,0.15234909688588233,0,1.651171959864443,0,dense_respsann,0.23741936683654785,0.21962693333625793,0.23026004433631897,72,0.014595580782485303,5005,5005,24188.99800497801,4.653406805462307,0.387504905462265,0.23741936683654785,0.18103864176839946,0.4872569823373985,1.3026211261749268,0.3754507303237915,0.21962693333625793,0.22344598248295733,0.468643716842825,1.270729660987854,1.5238332729786634,0.39024028182029724,0.23026004433631897,0.21641321495116883,0.47985419070413354,1.2889195680618286
