compile_time_s,epoch_time_s_mean,grad_nonfinite_steps,grad_norm_max,loss_nonfinite_steps,model,mse_test,mse_train,mse_val,param_mismatch,param_mismatch_ratio,params_analytic,params_empirical,samples_per_sec,step_time_ms_mean,test_mae,test_mse,test_r2,test_rmse,test_smape,train_mae,train_mse,train_r2,train_rmse,train_smape,train_time_s,val_mae,val_mse,val_r2,val_rmse,val_smape
None,0.24965037719230168,0,3.009627865602,0,geo_sparse,0.07053150981664658,0.06849005818367004,0.06824894994497299,,,4377,4505,14760.128002279056,5.750593167764169,0.2182176411151886,0.07053150981664658,0.735883640339825,0.26557769073596255,0.8273433446884155,0.21296489238739014,0.06849005818367004,0.7595815445280286,0.26170605301305133,0.7990098595619202,2.49726831598673,0.21405036747455597,0.06824894994497299,0.7432624762839165,0.26124499984683536,0.8278466463088989
None,0.15885083440807649,0,1.5732377210165989,0,dense_resrelu,0.09834463149309158,0.0904461219906807,0.09388796240091324,266,0.05904550499445061,4239,4239,23195.50255873907,4.995185799068874,0.2544236183166504,0.09834463149309158,0.6317330207505869,0.3135994762321704,0.9082300066947937,0.24368512630462646,0.0904461219906807,0.6825098725777745,0.3007426175165081,0.8677012324333191,1.5891011590138078,0.24951767921447754,0.09388796240091324,0.6468141767859024,0.30641142668137106,0.8891801238059998
None,0.2445808577002026,0,1.786190701949549,0,dense_respsann,0.1397296041250229,0.1357704997062683,0.12591595947742462,94,0.020865704772475027,4599,4599,15066.895577588988,7.7828456030951605,0.30124524235725403,0.1397296041250229,0.4767604652984717,0.37380423235300975,1.0425702333450317,0.2972504198551178,0.1357704997062683,0.5234091693782107,0.3684704868863561,1.0183573961257935,2.4464230079902336,0.2833704352378845,0.12591595947742462,0.5263318876882447,0.3548463885647205,0.9991632103919983
