compile_time_s,epoch_time_s_mean,grad_nonfinite_steps,grad_norm_max,loss_nonfinite_steps,model,mse_test,mse_train,mse_val,param_mismatch,param_mismatch_ratio,params_analytic,params_empirical,samples_per_sec,step_time_ms_mean,test_mae,test_mse,test_r2,test_rmse,test_smape,train_mae,train_mse,train_r2,train_rmse,train_smape,train_time_s,val_mae,val_mse,val_r2,val_rmse,val_smape
None,0.36485781969386155,0,2.0864259492221824,0,geo_sparse,0.11516124755144119,0.13088972866535187,0.11488470435142517,,,1305,1817,10100.431248706012,8.499438268167001,0.26891958713531494,0.11516124755144119,0.5626254750607333,0.33935416241950117,0.9796358942985535,0.2900882661342621,0.13088972866535187,0.5100237685613435,0.3617868552965294,1.0553414821624756,3.649349130981136,0.2734815776348114,0.11488470435142517,0.5532217523080127,0.33894646236747356,1.0297712087631226
None,0.5441074081987608,0,0.7317813557564792,0,dense_resrelu,0.12724915146827698,0.12900367379188538,0.13123419880867004,134,0.07374793615850303,1683,1683,6772.970915965615,12.1645428692853,0.28169113397598267,0.12724915146827698,0.5167164445009877,0.35671999028408397,1.0100436210632324,0.29002833366394043,0.12900367379188538,0.5170840757457468,0.35917081422616365,1.0320740938186646,5.442220328026451,0.2968306243419647,0.13123419880867004,0.4896397594025096,0.3622626102824718,1.0869213342666626
None,0.6687013063987252,0,1.2932104915090976,0,dense_respsann,0.13413572311401367,0.1408214420080185,0.1374114602804184,82,0.045129334067143645,1899,1899,5511.592081469566,31.87475218596282,0.2913319766521454,0.13413572311401367,0.49056171740263044,0.3662454410829078,1.0204137563705444,0.30301254987716675,0.1408214420080185,0.472845170246311,0.37526183126987284,1.0600295066833496,6.687722795002628,0.30248188972473145,0.1374114602804184,0.4656168447768725,0.3706905181959992,1.1016467809677124
