compile_time_s,epoch_time_s_mean,grad_nonfinite_steps,grad_norm_max,loss_nonfinite_steps,model,mse_test,mse_train,mse_val,param_mismatch,param_mismatch_ratio,params_analytic,params_empirical,samples_per_sec,step_time_ms_mean,test_mae,test_mse,test_r2,test_rmse,test_smape,train_mae,train_mse,train_r2,train_rmse,train_smape,train_time_s,val_mae,val_mse,val_r2,val_rmse,val_smape
None,0.8212500325869769,0,2.860331081568371,0,geo_sparse,0.07001370936632156,0.07079154998064041,0.07148469984531403,,,4377,4889,4487.642217319819,10.76121958979854,0.2123006135225296,0.07001370936632156,0.7378226257709573,0.2646010381051472,0.7938100099563599,0.2136935144662857,0.07079154998064041,0.7515026836438967,0.26606681488047396,0.8005493879318237,8.213667270028964,0.21322977542877197,0.07148469984531403,0.7310903084378857,0.2673662279445817,0.794337809085846
None,0.4910718807950616,0,1.8745602998008888,0,dense_resrelu,0.10809063911437988,0.09869011491537094,0.10304900258779526,112,0.022908570259766822,4777,4777,7504.792133478316,12.85813444632071,0.2637254297733307,0.10809063911437988,0.5952375584976655,0.32877140860235987,0.9428715705871582,0.2533431649208069,0.09869011491537094,0.6535712458919962,0.3141498287686481,0.904453456401825,4.911528440017719,0.2624741196632385,0.10304900258779526,0.6123523554802912,0.3210124648480106,0.933204710483551
None,0.8813920094049535,0,1.945747405653411,0,dense_respsann,0.13939312100410461,0.1341811567544937,0.12754634022712708,272,0.05563509920229086,5161,5161,4181.472771875466,31.16064227068866,0.30009329319000244,0.13939312100410461,0.478020479400184,0.3733538817316684,1.0428385734558105,0.2937193214893341,0.1341811567544937,0.5289881494191542,0.36630746205133974,1.0081321001052856,8.815075933991466,0.28622967004776,0.12754634022712708,0.5201987460995863,0.35713630482930053,1.0372700691223145
