compile_time_s,epoch_time_s_mean,grad_nonfinite_steps,grad_norm_max,loss_nonfinite_steps,model,mse_test,mse_train,mse_val,param_mismatch,param_mismatch_ratio,params_analytic,params_empirical,samples_per_sec,step_time_ms_mean,test_mae,test_mse,test_r2,test_rmse,test_smape,train_mae,train_mse,train_r2,train_rmse,train_smape,train_time_s,val_mae,val_mse,val_r2,val_rmse,val_smape
None,0.34121344799059444,0,2.723551130590962,0,geo_sparse,0.10744279623031616,0.10485056787729263,0.09890030324459076,,,661,917,10800.569980668606,4.242762627425017,0.2610134184360504,0.10744279623031616,0.59766350832655,0.3277846796760278,0.9384812116622925,0.2576228082180023,0.10485056787729263,0.6319464061724391,0.32380637405290935,0.9182755351066589,3.412782849976793,0.25257113575935364,0.09890030324459076,0.6279588404151182,0.3144841860008079,0.9364014267921448
None,0.18943149080732838,0,1.5270456651838509,0,dense_resrelu,0.18610160052776337,0.19714191555976868,0.18438202142715454,6,0.006543075245365322,923,923,19454.276890202582,4.565324986422503,0.3402373194694519,0.18610160052776337,0.3031132130008055,0.4313949472673079,1.1687226295471191,0.3529699444770813,0.19714191555976868,0.30797903072618227,0.44400666161643193,1.2026320695877075,1.8946990529657342,0.33903768658638,0.18438202142715454,0.3063954885121196,0.42939727692098206,1.177890419960022
None,0.555607164191315,0,1.399868670910188,0,dense_respsann,0.20349621772766113,0.2209337055683136,0.20177379250526428,64,0.0697928026172301,853,853,6633.272850365238,11.410931022078902,0.3564939498901367,0.20349621772766113,0.2379763261758625,0.4511055505396283,1.2288782596588135,0.3740393817424774,0.2209337055683136,0.2244634746591243,0.470035855619881,1.2711818218231201,5.556834587012418,0.35369449853897095,0.20177379250526428,0.24097143821946254,0.4491923780578476,1.2131470441818237
