compile_time_s,epoch_time_s_mean,grad_nonfinite_steps,grad_norm_max,loss_nonfinite_steps,model,mse_test,mse_train,mse_val,param_mismatch,param_mismatch_ratio,params_analytic,params_empirical,samples_per_sec,step_time_ms_mean,test_mae,test_mse,test_r2,test_rmse,test_smape,train_mae,train_mse,train_r2,train_rmse,train_smape,train_time_s,val_mae,val_mse,val_r2,val_rmse,val_smape
None,0.27255195410107264,0,3.3926926385730494,0,geo_sparse,0.138301819562912,0.12370190769433975,0.13138173520565033,,,2629,2885,13520.560891001023,2.8653937622352883,0.2944267988204956,0.138301819562912,0.5229376292915437,0.3718895260193704,1.0159912109375,0.2832602858543396,0.12370190769433975,0.5626164077252224,0.3517128199175284,0.9985474944114685,2.7262182609993033,0.29158973693847656,0.13138173520565033,0.5529011748548339,0.36246618491336585,1.0375903844833374
None,0.21961565421079285,0,1.7834403109438137,0,dense_resrelu,0.2370399534702301,0.2163950800895691,0.2285073697566986,90,0.03119584055459272,2975,2975,16778.878993251514,5.120534552468194,0.387440025806427,0.2370399534702301,0.1823474014115195,0.4868674906688986,1.3146955966949463,0.37261971831321716,0.2163950800895691,0.23487311396944222,0.46518284586769654,1.2746071815490723,2.196809454006143,0.38856831192970276,0.2285073697566986,0.22237766382667,0.47802444472714845,1.3022737503051758
None,0.3010990271053743,0,1.5832489562386718,0,dense_respsann,0.23851463198661804,0.220612570643425,0.22902262210845947,52,0.01802426343154246,2833,2833,12239.537076663812,6.790275573730469,0.3881825804710388,0.23851463198661804,0.1772606018937385,0.48837959824978155,1.3094522953033447,0.3763727843761444,0.220612570643425,0.219960981383429,0.4696941245570621,1.2763612270355225,3.011551806994248,0.38872411847114563,0.22902262210845947,0.2206241964065886,0.4785630805948778,1.2883434295654297
