compile_time_s,epoch_time_s_mean,grad_nonfinite_steps,grad_norm_max,loss_nonfinite_steps,model,mse_test,mse_train,mse_val,param_mismatch,param_mismatch_ratio,params_analytic,params_empirical,samples_per_sec,step_time_ms_mean,test_mae,test_mse,test_r2,test_rmse,test_smape,train_mae,train_mse,train_r2,train_rmse,train_smape,train_time_s,val_mae,val_mse,val_r2,val_rmse,val_smape
None,0.24294134080410004,0,2.595057179641651,0,geo_sparse,0.21422117948532104,0.1914624720811844,0.2015930563211441,,,2629,2885,15168.569753853068,2.8276906455004656,0.3658963143825531,0.21422117948532104,0.2610591526256766,0.4628403390860838,1.2493542432785034,0.34935328364372253,0.1914624720811844,0.32302952005064156,0.4375642490894159,1.1987903118133545,2.4300247550127096,0.36417675018310547,0.2015930563211441,0.31396844189253403,0.44899115394531336,1.259844422340393
None,0.2544273663952481,0,1.2447878699405777,0,dense_resrelu,0.23699137568473816,0.21658876538276672,0.22803685069084167,90,0.03119584055459272,2975,2975,14483.180745766604,8.270663208431667,0.38716670870780945,0.23699137568473816,0.18251496705587467,0.48681760001538377,1.3170421123504639,0.37289300560951233,0.21658876538276672,0.23418827998884317,0.46539098120050276,1.2769662141799927,2.545021059049759,0.3871956765651703,0.22803685069084167,0.22397883478068803,0.4775320415331747,1.2994446754455566
None,0.31141043519601225,0,0.9711711866674282,0,dense_respsann,0.2379521131515503,0.2211279273033142,0.22862353920936584,52,0.01802426343154246,2833,2833,11834.065532603052,10.023125330607096,0.387421190738678,0.2379521131515503,0.179200970934968,0.4878033550023516,1.3122555017471313,0.37686002254486084,0.2211279273033142,0.21813879723551188,0.4702424133394543,1.279281735420227,3.114736850024201,0.38822439312934875,0.22862353920936584,0.2219823262642443,0.4781459392375573,1.2881211042404175
