compile_time_s,epoch_time_s_mean,grad_nonfinite_steps,grad_norm_max,loss_nonfinite_steps,model,mse_test,mse_train,mse_val,param_mismatch,param_mismatch_ratio,params_analytic,params_empirical,samples_per_sec,step_time_ms_mean,test_mae,test_mse,test_r2,test_rmse,test_smape,train_mae,train_mse,train_r2,train_rmse,train_smape,train_time_s,val_mae,val_mse,val_r2,val_rmse,val_smape
None,0.4057447339931969,0,3.3871302076326733,0,geo_sparse,0.1863020956516266,0.16599085927009583,0.1589621603488922,,,2629,3077,9082.170397046199,10.035176241839373,0.34231579303741455,0.1863020956516266,0.3352828125412042,0.43162726472226776,1.162510871887207,0.3252861499786377,0.16599085927009583,0.4070203595656572,0.4074197580752507,1.1304460763931274,4.058501260005869,0.3205980360507965,0.1589621603488922,0.3927383087436144,0.3987005898527016,1.1656544208526611
None,0.10736223680432885,0,1.7562785655036506,0,dense_resrelu,0.23502881824970245,0.20976559817790985,0.21081940829753876,102,0.03314917127071823,2975,2975,34319.83626418692,2.9033267939532243,0.38332319259643555,0.23502881824970245,0.1614281391077701,0.4847977085854495,1.274096965789795,0.36546024680137634,0.20976559817790985,0.2506410759214901,0.4580017447323862,1.2542535066604614,1.0740144479786977,0.3664569854736328,0.21081940829753876,0.1946350298624565,0.4591507468114788,1.314575433731079
None,0.2284584470966365,0,2.3181226053741097,0,dense_respsann,0.2371080368757248,0.21429310739040375,0.2117832452058792,78,0.025349366265843352,3155,3155,16130.650659154095,4.306919106730708,0.38517361879348755,0.2371080368757248,0.15400958403265197,0.4869374055006709,1.2823429107666016,0.369185209274292,0.21429310739040375,0.2344671518908945,0.4629180352831414,1.266452670097351,2.285090712015517,0.3686855137348175,0.2117832452058792,0.19095302313609075,0.46019913646798516,1.3401539325714111
