compile_time_s,epoch_time_s_mean,grad_nonfinite_steps,grad_norm_max,loss_nonfinite_steps,model,mse_test,mse_train,mse_val,param_mismatch,param_mismatch_ratio,params_analytic,params_empirical,samples_per_sec,step_time_ms_mean,test_mae,test_mse,test_r2,test_rmse,test_smape,train_mae,train_mse,train_r2,train_rmse,train_smape,train_time_s,val_mae,val_mse,val_r2,val_rmse,val_smape
None,0.23562550379429012,0,2.5270400062884546,0,geo_sparse,0.058328501880168915,0.05785902589559555,0.06224190816283226,,,2197,2309,15639.325093930214,4.461821635564168,0.19090884923934937,0.058328501880168915,0.7784723477499464,0.24151294350441949,0.7582387924194336,0.19063322246074677,0.05785902589559555,0.7834089305201158,0.24053903195863152,0.7532839179039001,2.3568791989819147,0.1968429684638977,0.06224190816283226,0.7579457590415468,0.24948328233136635,0.8014572262763977
None,0.11335839930688962,0,2.0014129146170134,0,dense_resrelu,0.09661056846380234,0.09701115638017654,0.09847116470336914,54,0.02338674750974448,2255,2255,32505.96406807496,3.4608272623132774,0.24986015260219574,0.09661056846380234,0.6330796827544507,0.31082240663086425,0.9126073122024536,0.2538865804672241,0.09701115638017654,0.6368457640729316,0.3114661400219558,0.9400120973587036,1.1339457560097799,0.25843650102615356,0.09847116470336914,0.6170528298167441,0.3138011547196236,0.9785230159759521
None,0.16053742980002425,0,1.4647469119915957,0,dense_respsann,0.13691505789756775,0.14639724791049957,0.14267992973327637,126,0.05456907752273712,2435,2435,22955.165388239337,4.310153475514165,0.29864513874053955,0.13691505789756775,0.48000599439293357,0.37002034795071437,1.0262374877929688,0.3109738230705261,0.14639724791049957,0.45197253644858826,0.38261893302671207,1.0725289583206177,1.605738812009804,0.30295589566230774,0.14267992973327637,0.44512815265340233,0.3777299693342803,1.085632085800171
