compile_time_s,epoch_time_s_mean,grad_nonfinite_steps,grad_norm_max,loss_nonfinite_steps,model,mse_test,mse_train,mse_val,param_mismatch,param_mismatch_ratio,params_analytic,params_empirical,samples_per_sec,step_time_ms_mean,test_mae,test_mse,test_r2,test_rmse,test_smape,train_mae,train_mse,train_r2,train_rmse,train_smape,train_time_s,val_mae,val_mse,val_r2,val_rmse,val_smape
None,0.28790596961043774,0,2.5574559215624317,0,geo_sparse,0.18003863096237183,0.18497449159622192,0.20300620794296265,,,661,725,12799.583217222935,2.951997642163877,0.3405155539512634,0.18003863096237183,0.3620820995271603,0.4243095932952398,1.1696982383728027,0.34277164936065674,0.18497449159622192,0.34887625523874677,0.4300866094128274,1.183281421661377,2.879781269002706,0.3604491353034973,0.20300620794296265,0.3768929177921422,0.450562102204527,1.1371997594833374
None,0.19895382040995174,0,1.4375455174457223,0,dense_resrelu,0.12816859781742096,0.12602604925632477,0.14925658702850342,32,0.044137931034482755,757,757,18520.865003195584,2.922007684354429,0.2889966070652008,0.12816859781742096,0.5458694481890108,0.3580064214751196,0.9758566617965698,0.2872043251991272,0.12602604925632477,0.5563790918064025,0.35500147782273356,0.9896112680435181,1.9901878229575232,0.3086792826652527,0.14925658702850342,0.5418719709831235,0.38633740050440807,0.9994724988937378
None,0.3230101147084497,0,1.5278241987148014,0,dense_respsann,0.21319220960140228,0.21404241025447845,0.2392469048500061,34,0.04689655172413793,691,691,11409.273001831598,6.825409182795772,0.37329334020614624,0.21319220960140228,0.24461141467735326,0.4617274191570198,1.2719587087631226,0.3706132471561432,0.21404241025447845,0.24655505517565623,0.46264717685778484,1.2584306001663208,3.23070540901972,0.3903190791606903,0.2392469048500061,0.2656557321056541,0.48912872012386077,1.2419408559799194
