compile_time_s,epoch_time_s_mean,grad_nonfinite_steps,grad_norm_max,loss_nonfinite_steps,model,mse_test,mse_train,mse_val,param_mismatch,param_mismatch_ratio,params_analytic,params_empirical,samples_per_sec,step_time_ms_mean,test_mae,test_mse,test_r2,test_rmse,test_smape,train_mae,train_mse,train_r2,train_rmse,train_smape,train_time_s,val_mae,val_mse,val_r2,val_rmse,val_smape
None,0.1933523873158265,0,2.605893812412642,0,geo_sparse,0.20275098085403442,0.18007278442382812,0.1743793934583664,,,2629,2885,19058.483648961625,3.074158235832497,0.3567110300064087,0.20275098085403442,0.27659395737651093,0.4502787812611587,1.2008978128433228,0.3389720320701599,0.18007278442382812,0.35671457744238544,0.42434983730859155,1.1689718961715698,1.9340468359878287,0.33358943462371826,0.1743793934583664,0.3338419112825185,0.4175875877685619,1.19855535030365
None,0.24059352360200137,0,1.3963321548307384,0,dense_resrelu,0.23398353159427643,0.21050186455249786,0.2128421664237976,90,0.03119584055459272,2975,2975,15315.724528267903,7.331421640184191,0.38245493173599243,0.23398353159427643,0.1651576731382528,0.48371844247896567,1.2790191173553467,0.3662487864494324,0.21050186455249786,0.2480108752503819,0.4588048218496596,1.2612277269363403,2.4066768719931133,0.36902517080307007,0.2128421664237976,0.18690776337142612,0.46134820518107317,1.3308451175689697
None,0.13849300509900786,0,1.2472811133718966,0,dense_respsann,0.23776014149188995,0.21503397822380066,0.2134328931570053,52,0.01802426343154246,2833,2833,26607.6343501938,3.909513491171378,0.3850401043891907,0.23776014149188995,0.1516829051787718,0.48760654373366435,1.2856535911560059,0.36997902393341064,0.21503397822380066,0.2318205065502431,0.4637175629882921,1.272955060005188,1.385316692001652,0.370510458946228,0.2134328931570053,0.18465111607185702,0.46198797945077025,1.3404330015182495
