compile_time_s,epoch_time_s_mean,grad_nonfinite_steps,grad_norm_max,loss_nonfinite_steps,model,mse_test,mse_train,mse_val,param_mismatch,param_mismatch_ratio,params_analytic,params_empirical,samples_per_sec,step_time_ms_mean,test_mae,test_mse,test_r2,test_rmse,test_smape,train_mae,train_mse,train_r2,train_rmse,train_smape,train_time_s,val_mae,val_mse,val_r2,val_rmse,val_smape
None,0.33448267029016276,0,3.623404617354172,0,geo_sparse,0.0992140993475914,0.0857311561703682,0.08367907255887985,,,9289,11337,11017.414187303484,7.687477270762126,0.25180843472480774,0.0992140993475914,0.6577679629085735,0.31498269690189556,0.9220657348632812,0.22869423031806946,0.0857311561703682,0.6968729076468854,0.2927988322558138,0.839841365814209,3.3456126250093803,0.22595232725143433,0.08367907255887985,0.715235814454904,0.2892733526595214,0.832460343837738
None,0.2555775096931029,0,1.9267322691513349,0,dense_resrelu,0.20217910408973694,0.16749510169029236,0.1914326399564743,48,0.004233924318602805,11385,11385,14418.506207566255,4.708353219208894,0.35717058181762695,0.20217910408973694,0.30259744224922025,0.4496433076225387,1.215976357460022,0.32844793796539307,0.16749510169029236,0.40777299741242,0.40926165431211897,1.1344090700149536,2.5564368090126663,0.35026416182518005,0.1914326399564743,0.34854486900857473,0.4375301589107593,1.1736080646514893
None,0.31151485660811884,0,1.6493356385076796,0,dense_respsann,0.23838412761688232,0.21922443807125092,0.2291341871023178,242,0.021346035106289143,11095,11095,11829.526059331003,21.342830234103733,0.3878277838230133,0.23838412761688232,0.17771076751130377,0.4882459704051661,1.3077583312988281,0.3751295506954193,0.21922443807125092,0.22486910461396725,0.46821409426805055,1.2747201919555664,3.1159321020240895,0.3876160681247711,0.2291341871023178,0.22024456342777365,0.4786796288775174,1.2903913259506226
