compile_time_s,epoch_time_s_mean,grad_nonfinite_steps,grad_norm_max,loss_nonfinite_steps,model,mse_test,mse_train,mse_val,param_mismatch,param_mismatch_ratio,params_analytic,params_empirical,samples_per_sec,step_time_ms_mean,test_mae,test_mse,test_r2,test_rmse,test_smape,train_mae,train_mse,train_r2,train_rmse,train_smape,train_time_s,val_mae,val_mse,val_r2,val_rmse,val_smape
None,0.22292196950293147,0,2.4229533987129397,0,geo_sparse,0.15808254480361938,0.1467214822769165,0.15600591897964478,,,4677,4933,16530.742146011842,2.85431585488496,0.31815844774246216,0.15808254480361938,0.454705412915158,0.39759595672443576,1.1313632726669312,0.30822092294692993,0.1467214822769165,0.48122412039494966,0.3830424027140031,1.0909010171890259,2.2297849470051005,0.3165407180786133,0.15600591897964478,0.469103828068245,0.39497584607118036,1.1140227317810059
None,0.24009488900192083,0,1.4126162287639246,0,dense_resrelu,0.23568984866142273,0.217001810669899,0.22736483812332153,168,0.03405635515913237,4765,4765,15347.532558532926,7.631079108626754,0.3868124485015869,0.23568984866142273,0.18700449271248787,0.4854789888979983,1.305545449256897,0.37308329343795776,0.217001810669899,0.2327278628894104,0.4658345314270927,1.2647160291671753,2.401688991987612,0.38509681820869446,0.22736483812332153,0.2262657514440618,0.4768278915115196,1.2775251865386963
None,0.387539064505836,0,1.1272108961158946,0,dense_respsann,0.23705147206783295,0.22050876915454865,0.22945742309093475,72,0.014595580782485303,5005,5005,9509.997357829196,3.990819542496293,0.38719257712364197,0.23705147206783295,0.18230766882161564,0.4868793198194322,1.30778169631958,0.3761276304721832,0.22050876915454865,0.22032795918888304,0.4695836125276825,1.2786864042282104,3.8759211609722115,0.3893720805644989,0.22945742309093475,0.21914454600075184,0.4790171427944252,1.2929314374923706
