compile_time_s,epoch_time_s_mean,grad_nonfinite_steps,grad_norm_max,loss_nonfinite_steps,model,mse_test,mse_train,mse_val,param_mismatch,param_mismatch_ratio,params_analytic,params_empirical,samples_per_sec,step_time_ms_mean,test_mae,test_mse,test_r2,test_rmse,test_smape,train_mae,train_mse,train_r2,train_rmse,train_smape,train_time_s,val_mae,val_mse,val_r2,val_rmse,val_smape
None,0.25118692209944127,0,2.623528946417011,0,geo_sparse,0.2351628839969635,0.21667201817035675,0.22553876042366028,,,2629,3653,14671.576719285385,4.205501627039026,0.38426631689071655,0.2351628839969635,0.18882222015021077,0.48493595865532957,1.3125431537628174,0.3728331923484802,0.21667201817035675,0.2338939014939767,0.4654804165272227,1.2722704410552979,2.5123407460050657,0.38478195667266846,0.22553876042366028,0.23247995385892017,0.4749092128224723,1.2948095798492432
None,0.12449785741046071,0,1.3671953286213645,0,dense_resrelu,0.2361747920513153,0.21570731699466705,0.2275291234254837,10,0.002737476047084588,3643,3643,29598.55631360424,4.597353493725812,0.385918527841568,0.2361747920513153,0.18533171469718268,0.4859781806329532,1.3019636869430542,0.3718282878398895,0.21570731699466705,0.23730489813497058,0.4644430180276877,1.2678802013397217,1.2453310090349987,0.38686999678611755,0.2275291234254837,0.22570665560253422,0.47700012937679975,1.299909234046936
None,0.13630389268510043,0,1.4665690630297636,0,dense_respsann,0.23946210741996765,0.22090543806552887,0.22856050729751587,160,0.04379961675335341,3493,3493,27035.450512862713,4.310062258331864,0.38866645097732544,0.23946210741996765,0.1739923522217508,0.48934865629729446,1.3082947731018066,0.37636667490005493,0.22090543806552887,0.21892544589442697,0.47000578514049046,1.2795946598052979,1.363395072054118,0.3864023983478546,0.22856050729751587,0.2221968078154114,0.4780800218556679,1.289474368095398
