compile_time_s,epoch_time_s_mean,grad_nonfinite_steps,grad_norm_max,loss_nonfinite_steps,model,mse_test,mse_train,mse_val,param_mismatch,param_mismatch_ratio,params_analytic,params_empirical,samples_per_sec,step_time_ms_mean,test_mae,test_mse,test_r2,test_rmse,test_smape,train_mae,train_mse,train_r2,train_rmse,train_smape,train_time_s,val_mae,val_mse,val_r2,val_rmse,val_smape
None,0.21632895379443653,0,1.9141617566532398,0,geo_sparse,0.08660735189914703,0.08488970994949341,0.08795668184757233,,,2197,2261,17035.25079969169,3.686440273567482,0.24122987687587738,0.08660735189914703,0.6756851148816365,0.29429127051128623,0.8914481401443481,0.237113818526268,0.08488970994949341,0.7020143604301735,0.29135838747064313,0.8710152506828308,2.163748595979996,0.24234597384929657,0.08795668184757233,0.6691263353247003,0.29657491776543127,0.891032874584198
None,0.26040193050866944,0,1.630963430178793,0,dense_resrelu,0.1194479763507843,0.11823996156454086,0.11421731859445572,6,0.0026536930561698365,2255,2255,14153.11182182891,9.305295361412895,0.27859801054000854,0.1194479763507843,0.552708218432353,0.345612465560466,0.9639685153961182,0.27642205357551575,0.11823996156454086,0.5849460481207518,0.3438603809172276,0.9646920561790466,2.6043742509791628,0.2747614085674286,0.11421731859445572,0.5703396075954188,0.3379605281603988,0.959395170211792
None,0.48949532689875924,0,1.107839758739529,0,dense_respsann,0.12709785997867584,0.1233953982591629,0.11347509175539017,100,0.044228217602830605,2161,2161,7529.179945061581,14.327459582576045,0.28719693422317505,0.12709785997867584,0.5240620229819073,0.3565078680459603,1.005016565322876,0.28386762738227844,0.1233953982591629,0.566849063776213,0.35127681144528017,0.9902729392051697,4.895619479008019,0.27155447006225586,0.11347509175539017,0.5731317074236102,0.3368606414459697,0.9631550908088684
