compile_time_s,epoch_time_s_mean,grad_nonfinite_steps,grad_norm_max,loss_nonfinite_steps,model,mse_test,mse_train,mse_val,param_mismatch,param_mismatch_ratio,params_analytic,params_empirical,samples_per_sec,step_time_ms_mean,test_mae,test_mse,test_r2,test_rmse,test_smape,train_mae,train_mse,train_r2,train_rmse,train_smape,train_time_s,val_mae,val_mse,val_r2,val_rmse,val_smape
None,0.25847763879573904,0,3.1131864028784193,0,geo_sparse,0.03696364164352417,0.03207828104496002,0.038222912698984146,,,8773,9221,14256.798854352935,6.936168352762858,0.15338671207427979,0.03696364164352417,0.8598815556781176,0.19225930834038743,0.6370720863342285,0.14301905035972595,0.03207828104496002,0.8804168653285804,0.1791041067227662,0.6242438554763794,2.5854331239825115,0.1565052717924118,0.038222912698984146,0.8478226194384194,0.19550680985322264,0.6577638387680054
None,0.09293861299520359,0,1.9068387129847841,0,dense_resrelu,0.14204257726669312,0.11092942953109741,0.13414351642131805,226,0.024509272313198136,8995,8995,39645.48260845917,2.847355250959043,0.30766433477401733,0.14204257726669312,0.46155778843379514,0.37688536356124674,1.0518862009048462,0.26856252551078796,0.11092942953109741,0.5864713273759862,0.3330606994694772,0.9650804996490479,0.9297402270021848,0.2973576486110687,0.13414351642131805,0.46593268794591525,0.36625608038818697,1.0519826412200928
None,0.13735042558982968,0,2.061119961975951,0,dense_respsann,0.21385279297828674,0.21063679456710815,0.22543367743492126,122,0.013230669124823772,9343,9343,26829.319988370953,4.198510161152592,0.375691294670105,0.21385279297828674,0.18934608892203741,0.46244220501408256,1.3205642700195312,0.36593103408813477,0.21063679456710815,0.21477684145705211,0.4589518434074627,1.298518180847168,1.37387008004589,0.3796873390674591,0.22543367743492126,0.10247794126199561,0.47479856511464025,1.3483474254608154
