compile_time_s,epoch_time_s_mean,grad_nonfinite_steps,grad_norm_max,loss_nonfinite_steps,model,mse_test,mse_train,mse_val,param_mismatch,param_mismatch_ratio,params_analytic,params_empirical,samples_per_sec,step_time_ms_mean,test_mae,test_mse,test_r2,test_rmse,test_smape,train_mae,train_mse,train_r2,train_rmse,train_smape,train_time_s,val_mae,val_mse,val_r2,val_rmse,val_smape
None,0.2726428876980208,0,2.6683861200312795,0,geo_sparse,0.109782874584198,0.11994325369596481,0.10981304943561554,,,1305,1433,13515.205104003348,5.221814508791323,0.26509273052215576,0.109782874584198,0.5830521669515399,0.33133498846967246,0.9731201529502869,0.278160035610199,0.11994325369596481,0.5510011216380688,0.3463282455936345,1.0217400789260864,2.7272986030438915,0.27421724796295166,0.10981304943561554,0.5729450628783035,0.3313805206037548,1.042001485824585
None,0.24098593360977247,0,1.8967154099921495,0,dense_resrelu,0.12169213593006134,0.1286541223526001,0.13088840246200562,64,0.044661549197487785,1369,1369,15291.662259155028,6.88523730525264,0.2778441607952118,0.12169213593006134,0.5378216086320164,0.3488439994181659,0.9833011627197266,0.2894100844860077,0.1286541223526001,0.5183926018377012,0.3586838752336103,1.0073316097259521,2.41046391002601,0.29341334104537964,0.13088840246200562,0.4909845412682242,0.36178502244013033,1.0587081909179688
None,0.42614277530228717,0,1.9741433440153988,0,dense_respsann,0.15793205797672272,0.1648915857076645,0.16073623299598694,128,0.08932309839497557,1561,1561,8648.102797530655,12.274877654181587,0.31857240200042725,0.15793205797672272,0.40018486861741753,0.39740666574269073,1.1339137554168701,0.32612064480781555,0.1648915857076645,0.38274028670420335,0.4060684495348838,1.1643428802490234,4.262206505052745,0.3225468695163727,0.16073623299598694,0.3749085109791891,0.40091923500374355,1.1742862462997437
