compile_time_s,epoch_time_s_mean,grad_nonfinite_steps,grad_norm_max,loss_nonfinite_steps,model,mse_test,mse_train,mse_val,param_mismatch,param_mismatch_ratio,params_analytic,params_empirical,samples_per_sec,step_time_ms_mean,test_mae,test_mse,test_r2,test_rmse,test_smape,train_mae,train_mse,train_r2,train_rmse,train_smape,train_time_s,val_mae,val_mse,val_r2,val_rmse,val_smape
None,0.34870771709247494,0,2.728662643562651,0,geo_sparse,0.05342293530702591,0.052259549498558044,0.05580344796180725,,,2329,2553,10567.170528205921,8.34076922028153,0.18192452192306519,0.05342293530702591,0.797103353362559,0.2311340202285806,0.731707751750946,0.18075695633888245,0.052259549498558044,0.8043701734153492,0.22860347656708557,0.7251572608947754,3.488161746005062,0.1907980889081955,0.05580344796180725,0.7829844605074987,0.23622753430073992,0.7949650287628174
None,0.16222211471176706,0,1.7929747341039732,0,dense_resrelu,0.10063036531209946,0.10299588739871979,0.10662756115198135,146,0.05718762240501371,2407,2407,22713.420669163716,5.240094767676459,0.2531343102455139,0.10063036531209946,0.617812769845306,0.31722289531510717,0.9163005948066711,0.2606765925884247,0.10299588739871979,0.6144423531030695,0.32092972345783083,0.9419268369674683,1.6228290990111418,0.2680724263191223,0.10662756115198135,0.5853331864781073,0.32653875903479107,0.9849535822868347
None,0.6975284165993798,0,1.4921070898259743,0,dense_respsann,0.15196946263313293,0.15902069211006165,0.149595245718956,118,0.046220133176654916,2671,2671,5283.714731823861,8.152365066387036,0.30939316749572754,0.15196946263313293,0.4228303970504327,0.38983260847847623,1.0651605129241943,0.3212851285934448,0.15902069211006165,0.4047175743856173,0.3987739862504344,1.128745436668396,6.976152550021652,0.31238555908203125,0.149595245718956,0.4182349757913212,0.3867754461169375,1.1198782920837402
