compile_time_s,epoch_time_s_mean,grad_nonfinite_steps,grad_norm_max,loss_nonfinite_steps,model,mse_test,mse_train,mse_val,param_mismatch,param_mismatch_ratio,params_analytic,params_empirical,samples_per_sec,step_time_ms_mean,test_mae,test_mse,test_r2,test_rmse,test_smape,train_mae,train_mse,train_r2,train_rmse,train_smape,train_time_s,val_mae,val_mse,val_r2,val_rmse,val_smape
None,0.37994549419381657,0,2.821713366103231,0,geo_sparse,0.03882767632603645,0.034345559775829315,0.034370362758636475,,,17481,18377,9698.471191770945,9.41916200849745,0.15672840178012848,0.03882767632603645,0.8660666694354405,0.197047396141224,0.6512150168418884,0.14826351404190063,0.034345559775829315,0.8785614206560963,0.18532555079057317,0.6056956648826599,3.8005990089732222,0.14623050391674042,0.034370362758636475,0.8830358866199988,0.18539245604564517,0.6226608753204346
None,0.14154691240401007,0,1.9001294836860996,0,dense_resrelu,0.12733858823776245,0.09478312730789185,0.11692366003990173,202,0.010992000870653534,18175,18175,26030.331250546194,4.532206261599505,0.2855139672756195,0.12733858823776245,0.5607545223962791,0.3568453281714116,0.9881261587142944,0.24862578511238098,0.09478312730789185,0.6648670624656178,0.3078686851693297,0.8986177444458008,1.4160403740243055,0.28012120723724365,0.11692366003990173,0.6021027487580715,0.34194101836413504,0.9870559573173523
None,0.2549701053998433,0,1.7143173722295704,0,dense_respsann,0.23825520277023315,0.21941037476062775,0.22870615124702454,542,0.02949338847472384,18919,18919,14453.21220486229,9.316314079143384,0.387965589761734,0.23825520277023315,0.1781554846754022,0.48811392396676534,1.3101240396499634,0.37515294551849365,0.21941037476062775,0.22421167101833184,0.46841261165838366,1.2744383811950684,2.550298125948757,0.38791927695274353,0.22870615124702454,0.22170116355766567,0.47823231932505833,1.2947460412979126
