compile_time_s,epoch_time_s_mean,grad_nonfinite_steps,grad_norm_max,loss_nonfinite_steps,model,mse_test,mse_train,mse_val,param_mismatch,param_mismatch_ratio,params_analytic,params_empirical,samples_per_sec,step_time_ms_mean,test_mae,test_mse,test_r2,test_rmse,test_smape,train_mae,train_mse,train_r2,train_rmse,train_smape,train_time_s,val_mae,val_mse,val_r2,val_rmse,val_smape
None,0.3241462998033967,0,2.8885740806994913,0,geo_sparse,0.09637508541345596,0.09045030921697617,0.10226099193096161,,,4677,5701,11368.951368120493,4.910658412509495,0.245622456073761,0.09637508541345596,0.6346700043855715,0.31044336909242554,0.8970879316329956,0.23824267089366913,0.09045030921697617,0.6628144773856282,0.3007495789140463,0.8959077596664429,3.242163573973812,0.2515179216861725,0.10226099193096161,0.5928669925090045,0.3197827261297295,0.915020763874054
None,0.10501259770826436,0,1.8086254078490214,0,dense_resrelu,0.1751861572265625,0.15151727199554443,0.18176361918449402,108,0.018944044904402737,5593,5593,35088.80121279832,2.8894008972026684,0.33962738513946533,0.1751861572265625,0.3359200899618313,0.41855245456998874,1.1783936023712158,0.3103337287902832,0.15151727199554443,0.43516576366545,0.38925219587761406,1.1152751445770264,1.0504776089801453,0.34454989433288574,0.18176361918449402,0.2763421141553536,0.4263374475512256,1.20131516456604
None,0.15779521329677665,0,1.495091037313755,0,dense_respsann,0.21430625021457672,0.21149976551532745,0.22567309439182281,156,0.02736362041747062,5857,5857,23353.88977063495,4.494902522475631,0.3759802579879761,0.21430625021457672,0.18762716406262536,0.46293223069319417,1.318284034729004,0.3669734299182892,0.21149976551532745,0.2115598147462736,0.4598910365677151,1.299755573272705,1.578323797963094,0.3795328736305237,0.22567309439182281,0.10152475870575506,0.47505062297803885,1.3412662744522095
