compile_time_s,epoch_time_s_mean,grad_nonfinite_steps,grad_norm_max,loss_nonfinite_steps,model,mse_test,mse_train,mse_val,param_mismatch,param_mismatch_ratio,params_analytic,params_empirical,samples_per_sec,step_time_ms_mean,test_mae,test_mse,test_r2,test_rmse,test_smape,train_mae,train_mse,train_r2,train_rmse,train_smape,train_time_s,val_mae,val_mse,val_r2,val_rmse,val_smape
None,0.23760714840027503,0,3.0121951544494774,0,geo_sparse,0.09983845055103302,0.09652246534824371,0.10908065736293793,,,2629,3653,15509.9268673493,3.958647692645038,0.250708669424057,0.09983845055103302,0.6215413916835013,0.315972230664394,0.922852635383606,0.24245814979076385,0.09652246534824371,0.640178377205209,0.3106806484933423,0.8990418314933777,2.3765424760058522,0.25214478373527527,0.10908065736293793,0.5657157733488054,0.33027360984937615,0.9213417768478394
None,0.17886067660874688,0,1.824818963815219,0,dense_resrelu,0.20903179049491882,0.20249010622501373,0.21980328857898712,10,0.002737476047084588,3643,3643,20602.163223544674,2.9065457891534874,0.37109655141830444,0.20903179049491882,0.20762111102500136,0.45719994586058166,1.3023836612701416,0.3591819405555725,0.20249010622501373,0.24514649706062674,0.4499890067824032,1.275413990020752,1.7891325100208633,0.37482964992523193,0.21980328857898712,0.1248943264597655,0.46883183400766115,1.3430241346359253
None,0.3842537404038012,0,2.087011742385837,0,dense_respsann,0.21367540955543518,0.21134622395038605,0.22653304040431976,160,0.04379961675335341,3493,3493,9590.670166089516,12.204523722330729,0.375766396522522,0.21367540955543518,0.19001849802875226,0.4622503753978305,1.3259897232055664,0.36675089597702026,0.21134622395038605,0.21213222031632983,0.4597240737120322,1.304365873336792,3.8433184919995256,0.3800511062145233,0.22653304040431976,0.09810105083450149,0.47595487223508887,1.3506572246551514
