compile_time_s,epoch_time_s_mean,grad_nonfinite_steps,grad_norm_max,loss_nonfinite_steps,model,mse_test,mse_train,mse_val,param_mismatch,param_mismatch_ratio,params_analytic,params_empirical,samples_per_sec,step_time_ms_mean,test_mae,test_mse,test_r2,test_rmse,test_smape,train_mae,train_mse,train_r2,train_rmse,train_smape,train_time_s,val_mae,val_mse,val_r2,val_rmse,val_smape
None,0.34180490889702925,0,2.080248144748365,0,geo_sparse,0.13294976949691772,0.12516918778419495,0.1453581601381302,,,5193,6089,10780.167996228027,8.091748714447021,0.29225146770477295,0.13294976949691772,0.49602598535838205,0.36462277698591145,1.044940710067749,0.2807214558124542,0.12516918778419495,0.5333875780151817,0.35379257734468506,1.0195903778076172,3.4192417050362565,0.3043661415576935,0.1453581601381302,0.42128368634648594,0.3812586525419852,1.1224693059921265
None,0.1390778176020831,0,1.5773656742218416,0,dense_resrelu,0.20915845036506653,0.20059868693351746,0.21732822060585022,74,0.012153062900312038,6163,6163,26491.874266908395,4.254628711276585,0.37074631452560425,0.20915845036506653,0.20714098019443383,0.45733844181860167,1.2881810665130615,0.3580000400543213,0.20059868693351746,0.2521974620822205,0.4478824476729552,1.274159550666809,1.3913700340199284,0.37314677238464355,0.21732822060585022,0.13474834935911328,0.46618474943508204,1.3188586235046387
None,0.2579214732104447,0,1.0045795370147017,0,dense_respsann,0.2138291299343109,0.21133196353912354,0.22581030428409576,160,0.026276892757431433,5929,5929,14287.857270518778,9.741365397417987,0.3755573034286499,0.2138291299343109,0.1894357886583834,0.46241661943999257,1.3171080350875854,0.36715731024742126,0.21133196353912354,0.21218536829387957,0.4597085637000072,1.3005564212799072,2.5798130049952306,0.37913888692855835,0.22581030428409576,0.10097852716625855,0.47519501710781414,1.342856526374817
