compile_time_s,epoch_time_s_mean,grad_nonfinite_steps,grad_norm_max,loss_nonfinite_steps,model,mse_test,mse_train,mse_val,param_mismatch,param_mismatch_ratio,params_analytic,params_empirical,samples_per_sec,step_time_ms_mean,test_mae,test_mse,test_r2,test_rmse,test_smape,train_mae,train_mse,train_r2,train_rmse,train_smape,train_time_s,val_mae,val_mse,val_r2,val_rmse,val_smape
None,0.26499591281171886,0,2.468651994824781,0,geo_sparse,0.14761602878570557,0.14105960726737976,0.146575465798378,,,4677,5125,13905.912109063702,4.680525064468384,0.30921539664268494,0.14761602878570557,0.49080892160610956,0.38420831431100705,1.1140785217285156,0.3028288185596466,0.14105960726737976,0.5012432631938123,0.3755790293232301,1.076402187347412,2.6506711469846778,0.30409958958625793,0.146575465798378,0.5011961446767035,0.382851754336294,1.0623208284378052
None,0.10037099039764144,0,0.8500243988872979,0,dense_resrelu,0.17523854970932007,0.14577437937259674,0.1644425243139267,46,0.00897560975609756,5171,5171,36710.882084288285,2.916662507587009,0.33704879879951477,0.17523854970932007,0.3955269841854012,0.4186150376053398,1.1356613636016846,0.30753085017204285,0.14577437937259674,0.484572880691464,0.3818041112568024,1.073238492012024,1.004061954037752,0.32629045844078064,0.1644425243139267,0.4403936328552047,0.40551513450662563,1.100474238395691
None,0.145736711518839,0,1.2971417062929107,0,dense_respsann,0.23848018050193787,0.22071680426597595,0.22955051064491272,120,0.023414634146341463,5005,5005,25285.93971408118,4.582132127549913,0.3876150846481323,0.23848018050193787,0.17737943985991922,0.48834432575994763,1.3107919692993164,0.3764764964580536,0.22071680426597595,0.2195924227865348,0.4698050704983674,1.2803601026535034,1.457727116998285,0.3896786868572235,0.22955051064491272,0.21882779468131353,0.4791142981011031,1.2936509847640991
