compile_time_s,epoch_time_s_mean,grad_nonfinite_steps,grad_norm_max,loss_nonfinite_steps,model,mse_test,mse_train,mse_val,param_mismatch,param_mismatch_ratio,params_analytic,params_empirical,samples_per_sec,step_time_ms_mean,test_mae,test_mse,test_r2,test_rmse,test_smape,train_mae,train_mse,train_r2,train_rmse,train_smape,train_time_s,val_mae,val_mse,val_r2,val_rmse,val_smape
None,0.3391277335002087,0,2.075322187674042,0,geo_sparse,0.07467304170131683,0.07384668290615082,0.09192194044589996,,,4377,4505,10865.757610693021,5.163109920642994,0.22513990104198456,0.07467304170131683,0.7354163951958698,0.27326368529557094,0.821454644203186,0.22706124186515808,0.07384668290615082,0.740054264620491,0.27174746163699637,0.8524820804595947,3.392308324982878,0.255332887172699,0.09192194044589996,0.7178548671830431,0.3031863130913069,0.8675270676612854
None,0.265042782999808,0,2.774405020593145,0,dense_resrelu,0.1352529525756836,0.1329069882631302,0.1536446511745453,266,0.05904550499445061,4239,4239,13902.493470146783,7.883045885297987,0.29826629161834717,0.1352529525756836,0.5207679647493806,0.36776752517818045,1.0044374465942383,0.2970223128795624,0.1329069882631302,0.5321576659486795,0.36456410720630494,1.0160521268844604,2.6513229500269517,0.31721943616867065,0.1536446511745453,0.5284032481775922,0.3919753195987539,0.9926853179931641
None,0.2465736650978215,0,1.7979747923523932,0,dense_respsann,0.13520991802215576,0.12961815297603607,0.15309807658195496,94,0.020865704772475027,4599,4599,14945.286690144421,8.831249819861519,0.297451376914978,0.13520991802215576,0.5209204459801449,0.3677090127018316,0.995037317276001,0.2898106873035431,0.12961815297603607,0.5437346390229407,0.3600252115839057,0.9797704815864563,2.4663294029887766,0.3173138201236725,0.15309807658195496,0.5300808948697967,0.3912774930684807,0.9941032528877258
