compile_time_s,epoch_time_s_mean,grad_nonfinite_steps,grad_norm_max,loss_nonfinite_steps,model,mse_test,mse_train,mse_val,param_mismatch,param_mismatch_ratio,params_analytic,params_empirical,samples_per_sec,step_time_ms_mean,test_mae,test_mse,test_r2,test_rmse,test_smape,train_mae,train_mse,train_r2,train_rmse,train_smape,train_time_s,val_mae,val_mse,val_r2,val_rmse,val_smape
None,0.3350392607972026,0,2.655636741108163,0,geo_sparse,0.10706546157598495,0.09404616802930832,0.09478206932544708,,,8773,9029,10998.925213654024,2.9097505233905934,0.2662368714809418,0.10706546157598495,0.630685242740424,0.3272085903150847,0.9723834991455078,0.24975894391536713,0.09404616802930832,0.6674727922374006,0.3066694768465038,0.9085326790809631,3.3512365330243483,0.2500897943973541,0.09478206932544708,0.6774517261363786,0.30786696692800136,0.9184377789497375
None,0.14799923209939153,0,1.4202153984749886,0,dense_resrelu,0.14322179555892944,0.11046668887138367,0.123421810567379,34,0.0037656440358843726,8995,8995,24897.051535501905,5.282866954803467,0.30201223492622375,0.14322179555892944,0.5059665191506457,0.37844655574985675,1.0454953908920288,0.2680368423461914,0.11046668887138367,0.6094133378516646,0.3323652943244581,0.953990638256073,1.4804965940420516,0.2816947400569916,0.123421810567379,0.5799892068982637,0.3513144041558487,0.9738702774047852
None,0.15030470839701593,0,1.1057783458728445,0,dense_respsann,0.23764759302139282,0.22063182294368744,0.22922015190124512,232,0.025694982833093367,8797,8797,24517.613395947705,4.868251270718044,0.38724714517593384,0.23764759302139282,0.18025139164295645,0.4874911209667237,1.30966055393219,0.3762627840042114,0.22063182294368744,0.21989289025583758,0.46971461861824937,1.2795133590698242,1.5034089739783667,0.3887174725532532,0.22922015190124512,0.21995200223309042,0.4787694141246338,1.29457426071167
