compile_time_s,epoch_time_s_mean,grad_nonfinite_steps,grad_norm_max,loss_nonfinite_steps,model,mse_test,mse_train,mse_val,param_mismatch,param_mismatch_ratio,params_analytic,params_empirical,samples_per_sec,step_time_ms_mean,test_mae,test_mse,test_r2,test_rmse,test_smape,train_mae,train_mse,train_r2,train_rmse,train_smape,train_time_s,val_mae,val_mse,val_r2,val_rmse,val_smape
None,0.23891582140349782,0,2.8363967034973743,0,geo_sparse,0.14151793718338013,0.13706667721271515,0.14590656757354736,,,2629,3077,15423.897816713234,4.597673477949919,0.29982471466064453,0.14151793718338013,0.4635465468199862,0.3761886989043931,1.0785424709320068,0.29466965794563293,0.13706667721271515,0.48903546729356173,0.37022517096047797,1.0737974643707275,2.3897979899775237,0.3028191924095154,0.14590656757354736,0.4191002789388809,0.38197718200639597,1.1272826194763184
None,0.09808209938928485,0,1.5913108427426852,0,dense_resrelu,0.21295903623104095,0.2012348622083664,0.21924322843551636,102,0.03314917127071823,2975,2975,37567.325953151245,3.0137161678738065,0.3751576542854309,0.21295903623104095,0.19273406152046246,0.46147484896908625,1.3081473112106323,0.35880333185195923,0.2012348622083664,0.2498258647564835,0.44859208888294766,1.2645214796066284,0.9811717779957689,0.37324264645576477,0.21924322843551636,0.12712407427533934,0.46823415983406885,1.3165946006774902
None,0.3421606405114289,0,1.5448249854665033,0,dense_respsann,0.21419909596443176,0.2103331983089447,0.22548842430114746,78,0.025349366265843352,3155,3155,10770.921107005655,4.592066358636926,0.3757284879684448,0.21419909596443176,0.18803335474528549,0.4628164819498456,1.307826042175293,0.36610347032546997,0.2103331983089447,0.215908627947614,0.45862097456281337,1.2949186563491821,3.422177141008433,0.3798327147960663,0.22548842430114746,0.10225998206096498,0.4748562143440343,1.3369309902191162
