compile_time_s,epoch_time_s_mean,grad_nonfinite_steps,grad_norm_max,loss_nonfinite_steps,model,mse_test,mse_train,mse_val,param_mismatch,param_mismatch_ratio,params_analytic,params_empirical,samples_per_sec,step_time_ms_mean,test_mae,test_mse,test_r2,test_rmse,test_smape,train_mae,train_mse,train_r2,train_rmse,train_smape,train_time_s,val_mae,val_mse,val_r2,val_rmse,val_smape
None,0.28054854659712875,0,2.9325781192363056,0,geo_sparse,0.07203312963247299,0.06431581825017929,0.07045602798461914,,,17481,17993,13134.885435898577,7.045280015027082,0.22696062922477722,0.07203312963247299,0.7429891533657891,0.2683898836254321,0.8704774379730225,0.21321813762187958,0.06431581825017929,0.7702405340518825,0.2536056352886885,0.8243480324745178,2.8062673389795236,0.22552597522735596,0.07045602798461914,0.7308463461684873,0.2654355439360357,0.9157472252845764
None,0.42959145680652,0,2.0527369843471788,0,dense_resrelu,0.13804848492145538,0.10589385032653809,0.13538958132266998,182,0.010115044739620964,18175,18175,8578.456574164939,5.897114082618996,0.30192261934280396,0.13804848492145538,0.5074494448976605,0.37154876519974517,1.019303560256958,0.26385417580604553,0.10589385032653809,0.621708685163489,0.32541335302433133,0.945250391960144,4.296810234023724,0.2988418638706207,0.13538958132266998,0.48278941226156014,0.36795323252102297,1.079243779182434
None,0.7271295080019626,0,1.810928279242883,0,dense_respsann,0.23515522480010986,0.2105875462293625,0.21208693087100983,164,0.009114655699438671,17829,17829,5068.7016984863285,30.93248247217249,0.38318443298339844,0.23515522480010986,0.16097712643199047,0.4849280614690285,1.2742984294891357,0.366139680147171,0.2105875462293625,0.24770475595223096,0.4588981872151627,1.2599915266036987,7.272079162008595,0.36993154883384705,0.21208693087100983,0.18979288818794238,0.46052896854705005,1.3411184549331665
