compile_time_s,epoch_time_s_mean,grad_nonfinite_steps,grad_norm_max,loss_nonfinite_steps,model,mse_test,mse_train,mse_val,param_mismatch,param_mismatch_ratio,params_analytic,params_empirical,samples_per_sec,step_time_ms_mean,test_mae,test_mse,test_r2,test_rmse,test_smape,train_mae,train_mse,train_r2,train_rmse,train_smape,train_time_s,val_mae,val_mse,val_r2,val_rmse,val_smape
None,0.353340058401227,0,2.424821762656501,0,geo_sparse,0.16276466846466064,0.14654746651649475,0.1547054797410965,,,5193,6089,10428.574467336573,9.296733608952275,0.3253178596496582,0.16276466846466064,0.4385547576255475,0.40344103468122905,1.1374273300170898,0.30591773986816406,0.14654746651649475,0.48183939955217936,0.38281518584885676,1.0768342018127441,3.534519518027082,0.3166228234767914,0.1547054797410965,0.4735292594123649,0.3933261747469859,1.0960350036621094
None,0.40068611860042436,0,1.2387580459940752,0,dense_resrelu,0.1876402497291565,0.1557607203722,0.1770453155040741,74,0.012153062900312038,6163,6163,9196.497369179966,6.541543077539514,0.34706199169158936,0.1876402497291565,0.3527481947885851,0.4331746180573794,1.1633260250091553,0.3165076971054077,0.1557607203722,0.44926326922189697,0.39466532704584023,1.1002016067504883,4.008047686016653,0.3357938826084137,0.1770453155040741,0.39750568151307075,0.42076753142807266,1.1211949586868286
None,0.7820137006056029,0,1.070806751940856,0,dense_respsann,0.23813508450984955,0.21955309808254242,0.22835038602352142,160,0.026276892757431433,5929,5929,4712.888931865257,31.469077357539422,0.38828253746032715,0.23813508450984955,0.17856982414139821,0.48799086519098855,1.308924913406372,0.37520354986190796,0.21955309808254242,0.22370704726191704,0.4685649347556243,1.2710199356079102,7.821105171984527,0.3881644010543823,0.22835038602352142,0.22291187296916937,0.4778602159873967,1.2926229238510132
