compile_time_s,epoch_time_s_mean,grad_nonfinite_steps,grad_norm_max,loss_nonfinite_steps,model,mse_test,mse_train,mse_val,param_mismatch,param_mismatch_ratio,params_analytic,params_empirical,samples_per_sec,step_time_ms_mean,test_mae,test_mse,test_r2,test_rmse,test_smape,train_mae,train_mse,train_r2,train_rmse,train_smape,train_time_s,val_mae,val_mse,val_r2,val_rmse,val_smape
None,0.4518913629872259,0,2.2280528989195734,0,geo_sparse,0.11689016968011856,0.1212979182600975,0.11990004032850266,,,1173,1429,8155.425022791761,9.313281182889584,0.269977331161499,0.11689016968011856,0.5622863288163066,0.34189204389707367,0.974681556224823,0.27574872970581055,0.1212979182600975,0.5742117922230708,0.3482785067443834,0.9929342269897461,4.5196908679790795,0.27075451612472534,0.11990004032850266,0.5489624773479203,0.34626585209705946,0.9787740111351013
None,0.21951462809811345,0,1.360390450747821,0,dense_resrelu,0.1210426390171051,0.1171339675784111,0.11283843219280243,88,0.0615815255423373,1517,1517,16788.51740113499,3.2597534744827836,0.2846989333629608,0.1210426390171051,0.5467367526377098,0.3479118264979003,0.9879425764083862,0.27707862854003906,0.1171339675784111,0.5888283804787431,0.34224840040299837,0.9778139591217041,2.1955482499906793,0.27158889174461365,0.11283843219280243,0.5755266958539694,0.3359143226967294,0.9622296690940857
None,0.358920369396219,0,1.0942764273114587,0,dense_respsann,0.19352412223815918,0.20781190693378448,0.19016750156879425,6,0.004198740377886634,1435,1435,10268.652824397795,13.536186076976636,0.3482178747653961,0.19352412223815918,0.2753184101000221,0.4399137668204522,1.2231786251068115,0.3630576431751251,0.20781190693378448,0.27052449922170263,0.45586391273469373,1.2502191066741943,3.5895653140032664,0.3442108929157257,0.19016750156879425,0.2846317819038723,0.43608198950288496,1.1975109577178955
