compile_time_s,epoch_time_s_mean,grad_nonfinite_steps,grad_norm_max,loss_nonfinite_steps,model,mse_test,mse_train,mse_val,param_mismatch,param_mismatch_ratio,params_analytic,params_empirical,samples_per_sec,step_time_ms_mean,test_mae,test_mse,test_r2,test_rmse,test_smape,train_mae,train_mse,train_r2,train_rmse,train_smape,train_time_s,val_mae,val_mse,val_r2,val_rmse,val_smape
None,0.25818776719388553,0,3.0965440449778328,0,geo_sparse,0.10974019765853882,0.10036332160234451,0.10583776980638504,,,5193,5705,14272.213641290806,5.938264864462393,0.2683343291282654,0.10974019765853882,0.6214589293007651,0.33127058073203364,0.9679995179176331,0.25562921166419983,0.10036332160234451,0.6451366775698342,0.31680170706980815,0.9215126037597656,2.5826407119748183,0.25907960534095764,0.10583776980638504,0.6398286097998629,0.3253271734829186,0.912547767162323
None,0.16384872570633888,0,1.8398022335277875,0,dense_resrelu,0.2218395471572876,0.19459624588489532,0.2234787791967392,160,0.028045574057843997,5545,5545,22488.208514042268,5.224683832239221,0.3741847276687622,0.2218395471572876,0.23478013074437898,0.4709984577016018,1.277502179145813,0.3533536195755005,0.19459624588489532,0.3119491673678745,0.44113064491700793,1.2127090692520142,1.63908120902488,0.37612050771713257,0.2234787791967392,0.23949021401801263,0.4727354219822534,1.2361047267913818
None,0.2549150782113429,0,1.6935932026502527,0,dense_respsann,0.23862922191619873,0.2201048582792282,0.22888492047786713,224,0.0392638036809816,5929,5929,14456.34992006849,8.222595585717094,0.38848841190338135,0.23862922191619873,0.1768653320148761,0.48849690062087264,1.3125543594360352,0.3758285641670227,0.2201048582792282,0.22175611643336912,0.4691533419674512,1.2751038074493408,2.5497445900109597,0.38755330443382263,0.22888492047786713,0.221092800917553,0.4784191890778077,1.293829321861267
