compile_time_s,epoch_time_s_mean,grad_nonfinite_steps,grad_norm_max,loss_nonfinite_steps,model,mse_test,mse_train,mse_val,param_mismatch,param_mismatch_ratio,params_analytic,params_empirical,samples_per_sec,step_time_ms_mean,test_mae,test_mse,test_r2,test_rmse,test_smape,train_mae,train_mse,train_r2,train_rmse,train_smape,train_time_s,val_mae,val_mse,val_r2,val_rmse,val_smape
None,0.3922676210931968,0,1.7063332191167797,0,geo_sparse,0.06995394825935364,0.06949622184038162,0.08533355593681335,,,4377,4601,9394.033649251709,9.25517267651028,0.21764066815376282,0.06995394825935364,0.7521372187465747,0.26448808717852235,0.8134145140647888,0.22147837281227112,0.06949622184038162,0.7553682035599988,0.263621360743741,0.8436265587806702,3.9237670819857158,0.24449020624160767,0.08533355593681335,0.7380772424006274,0.2921190783513007,0.8416757583618164
None,0.2263071325083729,0,1.3982048790986106,0,dense_resrelu,0.1268603503704071,0.12436700612306595,0.14547377824783325,176,0.03825255379265377,4777,4777,16283.325100053342,7.896527413968687,0.2884814143180847,0.1268603503704071,0.5505048670446033,0.3561746065771774,0.9735111594200134,0.2865157127380371,0.12436700612306595,0.5622190463233968,0.3526570658913074,0.992169976234436,2.263665422971826,0.3090559244155884,0.14547377824783325,0.5534829024827057,0.3814102492695146,0.9659022092819214
None,0.36198239981313235,0,1.365852932520969,0,dense_respsann,0.12432254105806351,0.12386006861925125,0.1390075385570526,2,0.0004346881112801565,4599,4599,10180.742637838006,12.511629069292987,0.2876913249492645,0.12432254105806351,0.5594969038073634,0.3525940173316381,0.9983950853347778,0.2857693135738373,0.12386006861925125,0.5640034930612653,0.351937591938189,1.0008779764175415,3.6205610249890015,0.3032268285751343,0.1390075385570526,0.5733303952740654,0.37283714750149644,0.9769290089607239
