compile_time_s,epoch_time_s_mean,grad_nonfinite_steps,grad_norm_max,loss_nonfinite_steps,model,mse_test,mse_train,mse_val,param_mismatch,param_mismatch_ratio,params_analytic,params_empirical,samples_per_sec,step_time_ms_mean,test_mae,test_mse,test_r2,test_rmse,test_smape,train_mae,train_mse,train_r2,train_rmse,train_smape,train_time_s,val_mae,val_mse,val_r2,val_rmse,val_smape
None,0.8427391074015759,0,2.5350670270624502,0,geo_sparse,0.08654918521642685,0.09084856510162354,0.08598577976226807,,,2329,2841,4373.205817030814,8.576603253682455,0.23359696567058563,0.08654918521642685,0.675902929196593,0.29419242889038943,0.8733192682266235,0.23715737462043762,0.09084856510162354,0.6810971959205359,0.3014109571691506,0.8846785426139832,8.428599417035002,0.2341351956129074,0.08598577976226807,0.6765404464223714,0.293233319665873,0.8941835165023804
None,0.4811599666078109,0,1.3556620430990114,0,dense_resrelu,0.11079671233892441,0.10809452831745148,0.10508023947477341,24,0.008447729672650475,2817,2817,7659.5253362087315,14.928745517024288,0.2722632884979248,0.11079671233892441,0.5851042406245822,0.3328614010949969,0.9685888290405273,0.2661867141723633,0.10809452831745148,0.620559229072867,0.3287773233017318,0.944806694984436,4.812308646040037,0.2655720114707947,0.10508023947477341,0.6047113035837886,0.3241608234731233,0.9519554376602173
None,0.6307366742927115,0,1.2111987088206608,0,dense_respsann,0.17408697307109833,0.18507498502731323,0.1699763834476471,170,0.059838085181274196,2671,2671,5843.227512393368,23.780916355274343,0.3320097327232361,0.17408697307109833,0.34810387993501335,0.4172373102577217,1.1671905517578125,0.34338194131851196,0.18507498502731323,0.350337184713983,0.43020342284472035,1.184237003326416,6.308157593011856,0.32685571908950806,0.1699763834476471,0.36058631926384377,0.4122819222906179,1.1636775732040405
