compile_time_s,epoch_time_s_mean,grad_nonfinite_steps,grad_norm_max,loss_nonfinite_steps,model,mse_test,mse_train,mse_val,param_mismatch,param_mismatch_ratio,params_analytic,params_empirical,samples_per_sec,step_time_ms_mean,test_mae,test_mse,test_r2,test_rmse,test_smape,train_mae,train_mse,train_r2,train_rmse,train_smape,train_time_s,val_mae,val_mse,val_r2,val_rmse,val_smape
None,0.16950158620020375,0,2.531630835234844,0,geo_sparse,0.12742209434509277,0.12331951409578323,0.11152447760105133,,,661,725,21740.547309668156,3.015959704363788,0.28753161430358887,0.12742209434509277,0.5228478762727644,0.3569623150209175,1.012137770652771,0.28225255012512207,0.12331951409578323,0.5671154519065671,0.35116878291753556,0.9795412421226501,1.6954494969686493,0.2681133449077606,0.11152447760105133,0.5804694832525811,0.3339528074459793,0.9787037372589111
None,0.17256018690532074,0,1.3417307068661901,0,dense_resrelu,0.1390565037727356,0.14866842329502106,0.13709710538387299,32,0.044137931034482755,757,757,21353.74938657479,2.58944711861787,0.3004554808139801,0.1390565037727356,0.479280995699625,0.3729028074079566,1.0553781986236572,0.3091468811035156,0.14866842329502106,0.478133969456331,0.3855754443620873,1.0586546659469604,1.726160560036078,0.2945898473262787,0.13709710538387299,0.48427087463347873,0.3702662628215984,1.0275682210922241
None,0.14192080710199662,0,2.166014444381378,0,dense_respsann,0.16240116953849792,0.16511854529380798,0.15030211210250854,34,0.04689655172413793,691,691,25965.614152310864,4.301944891611735,0.32170650362968445,0.16240116953849792,0.39186321383780176,0.402990284670112,1.1096028089523315,0.3251953423023224,0.16511854529380798,0.42038964858621897,0.4063478132017053,1.0902913808822632,1.4195697349496186,0.309868186712265,0.15030211210250854,0.43459656477990805,0.3876881634800172,1.0777636766433716
