compile_time_s,epoch_time_s_mean,grad_nonfinite_steps,grad_norm_max,loss_nonfinite_steps,model,mse_test,mse_train,mse_val,param_mismatch,param_mismatch_ratio,params_analytic,params_empirical,samples_per_sec,step_time_ms_mean,test_mae,test_mse,test_r2,test_rmse,test_smape,train_mae,train_mse,train_r2,train_rmse,train_smape,train_time_s,val_mae,val_mse,val_r2,val_rmse,val_smape
None,0.37545422711409626,0,3.1367837337055176,0,geo_sparse,0.08160219341516495,0.07224835455417633,0.08390176296234131,,,8773,9221,9815.266229813224,4.597812140429461,0.2338969111442566,0.08160219341516495,0.7088471801260517,0.2856609763603789,0.8726552724838257,0.22065259516239166,0.07224835455417633,0.7419026269708907,0.26879054029890326,0.8416635990142822,3.755374448024668,0.23770926892757416,0.08390176296234131,0.6794814068825716,0.2896580103541784,0.9102555513381958
None,0.26932579079875724,0,1.7876055608579327,0,dense_resrelu,0.12982141971588135,0.10527332127094269,0.13308455049991608,226,0.024509272313198136,8995,8995,13682.246932866674,8.468004756503635,0.2918506860733032,0.12982141971588135,0.5368032298100718,0.36030739614373913,1.0104084014892578,0.26268482208251953,0.10527332127094269,0.6239254325332588,0.3244585046981242,0.9479290246963501,2.6940019560279325,0.2920599579811096,0.13308455049991608,0.49159502845209635,0.3648075526903412,1.0455738306045532
None,0.29702816329663617,0,1.93983551933373,0,dense_respsann,0.23622740805149078,0.2113853543996811,0.21312080323696136,122,0.013230669124823772,9343,9343,12407.201065714395,12.617972126713505,0.3847421407699585,0.23622740805149078,0.15715162660169846,0.48603231173605194,1.2789077758789062,0.3666786551475525,0.2113853543996811,0.2448546817678422,0.45976663036771287,1.25277578830719,2.9708553770324215,0.3692780137062073,0.21312080323696136,0.18584331112181995,0.4616500874439009,1.333062767982483
