compile_time_s,epoch_time_s_mean,grad_nonfinite_steps,grad_norm_max,loss_nonfinite_steps,model,mse_test,mse_train,mse_val,param_mismatch,param_mismatch_ratio,params_analytic,params_empirical,samples_per_sec,step_time_ms_mean,test_mae,test_mse,test_r2,test_rmse,test_smape,train_mae,train_mse,train_r2,train_rmse,train_smape,train_time_s,val_mae,val_mse,val_r2,val_rmse,val_smape
None,0.3737213210086338,0,2.5657218170223333,0,geo_sparse,0.09602120518684387,0.09683126211166382,0.10026072710752487,,,661,917,9861.029205621446,6.38470513732345,0.24825797975063324,0.09602120518684387,0.6353180440848212,0.3098728855302507,0.9090537428855896,0.24783815443515778,0.09683126211166382,0.6375191808167968,0.31117721978265667,0.918459951877594,3.7379465400008485,0.24962623417377472,0.10026072710752487,0.6100933321889819,0.3166397434112226,0.9681273102760315
None,0.1656030801066663,0,2.177935020065784,0,dense_resrelu,0.17025728523731232,0.17399828135967255,0.16749079525470734,6,0.006543075245365322,923,923,22250.978408539635,6.204661289850871,0.32274550199508667,0.17025728523731232,0.3533745002644618,0.4126224487801316,1.1466503143310547,0.3334997594356537,0.17399828135967255,0.348650051711885,0.4171310122247836,1.187681794166565,1.6565563690382987,0.3276980519294739,0.16749079525470734,0.3486405060773893,0.40925639305294587,1.2073392868041992
None,0.4190487061045133,0,1.4485355170711212,0,dense_respsann,0.19771194458007812,0.20967209339141846,0.1938238888978958,64,0.0697928026172301,853,853,8794.926439923114,4.442973631399649,0.35080021619796753,0.19771194458007812,0.24910358584902215,0.4446481132087239,1.2530710697174072,0.3666209578514099,0.20967209339141846,0.21510774264992338,0.45789965428182894,1.294884204864502,4.191052676993422,0.3524658977985382,0.1938238888978958,0.24623301148206211,0.44025434568882543,1.3066697120666504
