compile_time_s,epoch_time_s_mean,grad_nonfinite_steps,grad_norm_max,loss_nonfinite_steps,model,mse_test,mse_train,mse_val,param_mismatch,param_mismatch_ratio,params_analytic,params_empirical,samples_per_sec,step_time_ms_mean,test_mae,test_mse,test_r2,test_rmse,test_smape,train_mae,train_mse,train_r2,train_rmse,train_smape,train_time_s,val_mae,val_mse,val_r2,val_rmse,val_smape
None,0.6752774783002679,0,3.6782003237438667,0,geo_sparse,0.0871184766292572,0.07443515956401825,0.08617640286684036,,,5193,7241,5457.572753175937,8.874570740593803,0.22955487668514252,0.0871184766292572,0.6891653389182416,0.29515839244252773,0.824482798576355,0.21604058146476746,0.07443515956401825,0.7340905512123093,0.2728280769349413,0.8092950582504272,6.7539182099862956,0.23063242435455322,0.08617640286684036,0.6707919108169007,0.2935581762902208,0.9007229208946228
None,0.24543867651373147,0,2.37565946664914,0,dense_resrelu,0.15083909034729004,0.12518396973609924,0.14126469194889069,254,0.03507802789669935,7495,7495,15014.49295522687,4.695144300107603,0.312533974647522,0.15083909034729004,0.46181316133993566,0.38838008490046194,1.0409226417541504,0.28583189845085144,0.12518396973609924,0.5527973565962705,0.35381346743178,0.9920153021812439,2.4549613569979556,0.30412518978118896,0.14126469194889069,0.4603455282804575,0.37585195482914635,1.0832051038742065
None,0.4250964953040238,0,1.602879427440207,0,dense_respsann,0.23740720748901367,0.21359261870384216,0.21178710460662842,4,0.0005524098881369977,7245,7245,8669.758911857884,7.834942782366717,0.38511893153190613,0.23740720748901367,0.15294215723887306,0.4872445048320337,1.2803306579589844,0.36863085627555847,0.21359261870384216,0.23696958102886134,0.4621608147645602,1.26181960105896,4.251559977012221,0.36861878633499146,0.21178710460662842,0.19093830818913815,0.46020332963444366,1.333142876625061
