compile_time_s,epoch_time_s_mean,grad_nonfinite_steps,grad_norm_max,loss_nonfinite_steps,model,mse_test,mse_train,mse_val,param_mismatch,param_mismatch_ratio,params_analytic,params_empirical,samples_per_sec,step_time_ms_mean,test_mae,test_mse,test_r2,test_rmse,test_smape,train_mae,train_mse,train_r2,train_rmse,train_smape,train_time_s,val_mae,val_mse,val_r2,val_rmse,val_smape
None,0.24712346228770912,0,2.8742942746092957,0,geo_sparse,0.09082794934511185,0.08952050656080246,0.08563509583473206,,,2329,2457,14911.078044667385,5.514625178443061,0.24579918384552002,0.09082794934511185,0.6598804222567785,0.3013767564778542,0.8975957632064819,0.2422167807817459,0.08952050656080246,0.6857590172643688,0.2991997770066055,0.8777118921279907,2.4719875980517827,0.2404443919658661,0.08563509583473206,0.6778596360659189,0.29263474816694623,0.8956090211868286
None,0.2899160006898455,0,1.725045327702757,0,dense_resrelu,0.10080040991306305,0.096147820353508,0.09912367165088654,50,0.02035002035002035,2407,2407,12711.452954830424,5.093429318180791,0.25974807143211365,0.10080040991306305,0.6225369712388013,0.3174908028794898,0.9305013418197632,0.2518390119075775,0.096147820353508,0.6624953645094053,0.31007712000969695,0.8985327482223511,2.899747191055212,0.2579483091831207,0.09912367165088654,0.6271185924574454,0.31483912026761623,0.9149563908576965
None,0.5950194148987066,0,1.4542944085958487,0,dense_respsann,0.1831187605857849,0.19299928843975067,0.18048961460590363,188,0.07651607651607652,2269,2269,6194.109951195936,19.604302441632306,0.34126052260398865,0.1831187605857849,0.3142829274868887,0.42792377894408357,1.2006040811538696,0.3499683141708374,0.19299928843975067,0.3225207536290515,0.4393168428819349,1.1995859146118164,5.950814611045644,0.3339967429637909,0.18048961460590363,0.3210378600532674,0.4248406932085292,1.1654584407806396
