compile_time_s,epoch_time_s_mean,grad_nonfinite_steps,grad_norm_max,loss_nonfinite_steps,model,mse_test,mse_train,mse_val,param_mismatch,param_mismatch_ratio,params_analytic,params_empirical,samples_per_sec,step_time_ms_mean,test_mae,test_mse,test_r2,test_rmse,test_smape,train_mae,train_mse,train_r2,train_rmse,train_smape,train_time_s,val_mae,val_mse,val_r2,val_rmse,val_smape
None,0.234974163712468,0,2.909735548329906,0,geo_sparse,0.14837907254695892,0.15124373137950897,0.16974849998950958,,,661,773,15682.564879705867,5.077044169108073,0.30936139822006226,0.14837907254695892,0.4742591302360777,0.3852000422468291,1.06361985206604,0.3094765245914459,0.15124373137950897,0.4676110195800982,0.3889006703253531,1.0786694288253784,2.3503808390232734,0.3268160820007324,0.16974849998950958,0.4789740849921602,0.4120054611161235,1.0489323139190674
None,0.14781064700800925,0,2.237210918073788,0,dense_resrelu,0.12694641947746277,0.12413383275270462,0.14547020196914673,16,0.02069857697283312,757,757,24931.203575504907,3.63501156700982,0.2875438928604126,0.12694641947746277,0.5501999045830748,0.3562954104075195,0.9724360108375549,0.2855343818664551,0.12413383275270462,0.5630398236262858,0.3523263157254999,0.9829024076461792,1.478468533954583,0.30622291564941406,0.14547020196914673,0.5534938973584653,0.38140556100972983,1.0017342567443848
None,0.15440984650631434,0,1.2803441750594233,0,dense_respsann,0.18166443705558777,0.18255162239074707,0.20646508038043976,80,0.1034928848641656,853,853,23866.03787590339,4.872073473753752,0.3474957346916199,0.18166443705558777,0.3563214980161601,0.42622111286935066,1.1967464685440063,0.34307417273521423,0.18255162239074707,0.3574049599744653,0.42726060243222413,1.1795390844345093,1.5444540979806334,0.3660794794559479,0.20646508038043976,0.3662762657586556,0.45438428711877765,1.173484444618225
