compile_time_s,epoch_time_s_mean,grad_nonfinite_steps,grad_norm_max,loss_nonfinite_steps,model,mse_test,mse_train,mse_val,param_mismatch,param_mismatch_ratio,params_analytic,params_empirical,samples_per_sec,step_time_ms_mean,test_mae,test_mse,test_r2,test_rmse,test_smape,train_mae,train_mse,train_r2,train_rmse,train_smape,train_time_s,val_mae,val_mse,val_r2,val_rmse,val_smape
None,0.8268075703061186,0,2.957036238885367,0,geo_sparse,0.06320906430482864,0.05665655434131622,0.06632564216852188,,,17481,19529,4457.534416303837,7.802388155901873,0.19954396784305573,0.06320906430482864,0.7744730068674296,0.25141412908750504,0.7550170421600342,0.19082434475421906,0.05665655434131622,0.7976022015508388,0.2380263732053997,0.7355393767356873,8.269145352009218,0.20585019886493683,0.06632564216852188,0.7466251055904074,0.25753765194340394,0.8763598799705505
None,0.5831234303070232,0,2.1659788702778906,0,dense_resrelu,0.12475782632827759,0.09170814603567123,0.11906122416257858,256,0.013108710123406217,19273,19273,6319.901625806506,19.086517333984375,0.2881934344768524,0.12475782632827759,0.5548698948321167,0.35321073925954966,1.0019031763076782,0.24527552723884583,0.09170814603567123,0.6723851821933333,0.30283352858570867,0.8903958201408386,5.8323692649719305,0.28113850951194763,0.11906122416257858,0.5451664633705517,0.34505249479257294,1.0353763103485107
None,0.5450620650954079,0,1.9672826777029584,0,dense_respsann,0.23751771450042725,0.2117828130722046,0.21357759833335876,512,0.026217420246812433,20041,20041,6761.429228521423,32.12947803073459,0.38524574041366577,0.23751771450042725,0.15254787337660958,0.4873578915955165,1.277821660041809,0.36663493514060974,0.2117828130722046,0.2434348206058098,0.46019866696048195,1.252325177192688,5.451510139973834,0.37065139412879944,0.21357759833335876,0.18409827480398022,0.46214456432306844,1.3326674699783325
