epoch,step,loss,ppl,lr,grad_norm,toks
1,50,5.637700,280.824000,5e-06,3.945000,32768
1,100,4.809300,122.648000,1e-05,2.095000,32768
1,150,3.861300,47.528000,1.5e-05,2.112000,32768
1,200,2.874300,17.712000,2e-05,1.575000,32768
1,250,2.247100,9.460000,2.5e-05,1.271000,32768
1,300,1.825800,6.208000,3e-05,1.155000,32768
1,350,1.629400,5.101000,3.5e-05,1.323000,32768
