compile_time_s,epoch_time_s_mean,grad_nonfinite_steps,grad_norm_max,loss_nonfinite_steps,model,mse_test,mse_train,mse_val,param_mismatch,param_mismatch_ratio,params_analytic,params_empirical,samples_per_sec,step_time_ms_mean,test_mae,test_mse,test_r2,test_rmse,test_smape,train_mae,train_mse,train_r2,train_rmse,train_smape,train_time_s,val_mae,val_mse,val_r2,val_rmse,val_smape
None,0.3557669082132634,0,2.368576029745105,0,geo_sparse,0.11176712810993195,0.10579252243041992,0.11411333829164505,,,9289,9801,10357.76164509311,8.134791162278917,0.27432379126548767,0.11176712810993195,0.5763232349204463,0.33431591064430655,0.9887123107910156,0.26254335045814514,0.10579252243041992,0.6056209572660631,0.32525762470758457,0.9677583575248718,3.5586839379975572,0.27687132358551025,0.11411333829164505,0.5456790847847216,0.3378066581517378,1.0263499021530151
None,0.40486449001473374,0,1.248153016818198,0,dense_resrelu,0.2070642113685608,0.19034384191036224,0.21352170407772064,68,0.0069380675441281505,9733,9733,9102.900713396373,12.647248709643328,0.36704275012016296,0.2070642113685608,0.21507963280497855,0.45504308737586685,1.2907944917678833,0.3484370708465576,0.19034384191036224,0.2904259813487018,0.43628412979429154,1.2519078254699707,4.049258710001595,0.3690001666545868,0.21352170407772064,0.14990325560072537,0.46208408766989656,1.3167694807052612
None,0.366245752107352,0,1.3087584115957398,0,dense_respsann,0.21479681134223938,0.2100762575864792,0.2251199185848236,342,0.03489439853076217,9459,9459,10062.428054426307,20.988078152691877,0.3767992854118347,0.21479681134223938,0.18576758911284696,0.4634617690190199,1.321263074874878,0.36566993594169617,0.2100762575864792,0.21686646437925017,0.4583407657916533,1.2960549592971802,3.6631317809806205,0.3784821927547455,0.2251199185848236,0.10372716901446954,0.4744680374744158,1.3453493118286133
