compile_time_s,epoch_time_s_mean,grad_nonfinite_steps,grad_norm_max,loss_nonfinite_steps,model,mse_test,mse_train,mse_val,param_mismatch,param_mismatch_ratio,params_analytic,params_empirical,samples_per_sec,step_time_ms_mean,test_mae,test_mse,test_r2,test_rmse,test_smape,train_mae,train_mse,train_r2,train_rmse,train_smape,train_time_s,val_mae,val_mse,val_r2,val_rmse,val_smape
None,0.17591472929343582,0,2.5347509481840476,0,geo_sparse,0.17685642838478088,0.17706377804279327,0.1906348466873169,,,1173,1237,20947.897559175235,3.132709918198762,0.3320149779319763,0.17685642838478088,0.37335736848652246,0.4205430160932183,1.1237084865570068,0.3357616364955902,0.17706377804279327,0.37672253069980477,0.42078946997613104,1.1528555154800415,1.7596037929761223,0.3509123921394348,0.1906348466873169,0.414865563226647,0.4366175061622208,1.1330729722976685
None,0.09196022480609826,0,1.5337107661387983,0,dense_resrelu,0.13010534644126892,0.12573494017124176,0.13782159984111786,66,0.05335489086499596,1303,1303,40067.00712495026,3.0217991140153675,0.293887197971344,0.13010534644126892,0.5390071064278864,0.36070118719137717,1.0122954845428467,0.28795525431632996,0.12573494017124176,0.5574038175368603,0.35459122968742723,0.993504524230957,0.9199589049676433,0.2986257076263428,0.13782159984111786,0.5769704702197078,0.37124331622416834,0.9760749340057373
None,0.2965952339989599,0,1.8388739690678026,0,dense_respsann,0.20035500824451447,0.2022373527288437,0.22537313401699066,12,0.009700889248181084,1225,1225,12425.18875091178,3.7055229522563793,0.3615202307701111,0.20035500824451447,0.29009654469505763,0.44761033080628787,1.2438369989395142,0.36123770475387573,0.2022373527288437,0.28810970758376897,0.4497080750096041,1.2396856546401978,2.966554532002192,0.3762836754322052,0.22537313401699066,0.30823988545681225,0.4747348038821155,1.185943365097046
