compile_time_s,epoch_time_s_mean,grad_nonfinite_steps,grad_norm_max,loss_nonfinite_steps,model,mse_test,mse_train,mse_val,param_mismatch,param_mismatch_ratio,params_analytic,params_empirical,samples_per_sec,step_time_ms_mean,test_mae,test_mse,test_r2,test_rmse,test_smape,train_mae,train_mse,train_r2,train_rmse,train_smape,train_time_s,val_mae,val_mse,val_r2,val_rmse,val_smape
None,0.21914217350422405,0,1.8128462642926835,0,geo_sparse,0.07225373387336731,0.07213263213634491,0.07115733623504639,,,2197,2453,16816.521552518287,4.244442083217479,0.21324805915355682,0.07225373387336731,0.7294345008054135,0.2688005466388923,0.8001644611358643,0.21187756955623627,0.07213263213634491,0.7467951177094923,0.2685751889813073,0.7963461875915527,2.1918920559692197,0.21068620681762695,0.07115733623504639,0.732321787772693,0.26675332469351976,0.7891873717308044
None,0.10042332860175521,0,0.7583089715116842,0,dense_resrelu,0.09534364193677902,0.09199310094118118,0.09224442392587662,80,0.03261312678353037,2533,2533,36691.90736439503,2.7031727455280445,0.25389063358306885,0.09534364193677902,0.6429706993293094,0.3087776577681407,0.9171435832977295,0.24697938561439514,0.09199310094118118,0.6770795479248696,0.303303644787169,0.9011491537094116,1.0045811909949407,0.24856805801391602,0.09224442392587662,0.6529968085487661,0.30371767140862355,0.9163615703582764
None,0.2023708996071946,0,1.1117497808166195,0,dense_respsann,0.1348176896572113,0.13373027741909027,0.12835387885570526,18,0.007337953526294333,2435,2435,18210.901673558114,4.370612188621804,0.29319605231285095,0.1348176896572113,0.49515390351598676,0.36717528464918675,1.019993543624878,0.29359546303749084,0.13373027741909027,0.5305708715652322,0.36569150580658866,1.01436185836792,2.0240623260033317,0.2964826822280884,0.12835387885570526,0.517160980406651,0.35826509578202737,1.0590472221374512
