compile_time_s,epoch_time_s_mean,grad_nonfinite_steps,grad_norm_max,loss_nonfinite_steps,model,mse_test,mse_train,mse_val,param_mismatch,param_mismatch_ratio,params_analytic,params_empirical,samples_per_sec,step_time_ms_mean,test_mae,test_mse,test_r2,test_rmse,test_smape,train_mae,train_mse,train_r2,train_rmse,train_smape,train_time_s,val_mae,val_mse,val_r2,val_rmse,val_smape
None,0.8011592178139836,0,2.893497703649641,0,geo_sparse,0.09769340604543686,0.08394961804151535,0.09455595910549164,,,5193,7241,4600.203126739296,17.59602603205928,0.24100863933563232,0.09769340604543686,0.6514344840155536,0.31255944401895275,0.8483327627182007,0.22819732129573822,0.08394961804151535,0.7001014600618722,0.2897406047510693,0.8424710035324097,8.012689654016867,0.2425873577594757,0.09455595910549164,0.6387806100219878,0.30749952700043565,0.9527892470359802
None,0.4586010960105341,0,1.7534397601058747,0,dense_resrelu,0.1786476969718933,0.14611396193504333,0.16739095747470856,254,0.03507802789669935,7495,7495,8036.000217089245,12.240437295701769,0.3376232385635376,0.1786476969718933,0.362593350000723,0.42266735971907426,1.1335734128952026,0.3072851598262787,0.14611396193504333,0.4780278511182434,0.3822485604093799,1.0739054679870605,4.586859009985346,0.33092623949050903,0.16739095747470856,0.3605388769964789,0.40913440025828746,1.186205506324768
None,0.951680904411478,0,1.0408702391755775,0,dense_respsann,0.23809091746807098,0.2141384482383728,0.2119421660900116,4,0.0005524098881369977,7245,7245,3872.6295747049394,31.519200996116357,0.38579869270324707,0.23809091746807098,0.1505027119243859,0.4879456091287952,1.2863521575927734,0.36912405490875244,0.2141384482383728,0.2350196454647554,0.46275095703669034,1.2710319757461548,9.518080490001012,0.36842313408851624,0.2119421660900116,0.19034594271591998,0.46037176943206626,1.336328387260437
