compile_time_s,epoch_time_s_mean,grad_nonfinite_steps,grad_norm_max,loss_nonfinite_steps,model,mse_test,mse_train,mse_val,param_mismatch,param_mismatch_ratio,params_analytic,params_empirical,samples_per_sec,step_time_ms_mean,test_mae,test_mse,test_r2,test_rmse,test_smape,train_mae,train_mse,train_r2,train_rmse,train_smape,train_time_s,val_mae,val_mse,val_r2,val_rmse,val_smape
None,0.4604611672926694,0,2.4271562385671523,0,geo_sparse,0.0672706663608551,0.0648839920759201,0.06639367341995239,,,4377,4505,8003.287682828338,5.9434417971858275,0.2125789076089859,0.0672706663608551,0.7480943828179631,0.25936589282489536,0.8110503554344177,0.2072751820087433,0.0648839920759201,0.7722398051175816,0.2547233638202827,0.7876914739608765,4.605607278004754,0.2077099084854126,0.06639367341995239,0.7502416408505758,0.2576696982960014,0.8253273367881775
None,0.5859253061062191,0,1.1028291273255095,0,dense_resrelu,0.10155084729194641,0.09241308271884918,0.0967310294508934,266,0.05904550499445061,4239,4239,6289.628489166095,20.581147229229963,0.25903868675231934,0.10155084729194641,0.6197268401473381,0.3186704368025789,0.9282472729682922,0.2463260143995285,0.09241308271884918,0.6756053166025544,0.3039952018023462,0.8837531805038452,5.8604415290174074,0.2544606626033783,0.0967310294508934,0.6361191891395458,0.31101612410113627,0.9237309098243713
None,0.7475329911918379,0,1.2905020006740329,0,dense_respsann,0.12387031316757202,0.12198212742805481,0.11451572179794312,94,0.020865704772475027,4599,4599,4930.325541643047,22.948907710887767,0.2871510088443756,0.12387031316757202,0.5361480809239189,0.3519521461329253,1.0278186798095703,0.28193023800849915,0.12198212742805481,0.5718100268422515,0.34925939848206633,0.9869437217712402,7.4761797550017945,0.2704332768917084,0.11451572179794312,0.5692170836441344,0.338401716600172,0.9601756930351257
