compile_time_s,epoch_time_s_mean,grad_nonfinite_steps,grad_norm_max,loss_nonfinite_steps,model,mse_test,mse_train,mse_val,param_mismatch,param_mismatch_ratio,params_analytic,params_empirical,samples_per_sec,step_time_ms_mean,test_mae,test_mse,test_r2,test_rmse,test_smape,train_mae,train_mse,train_r2,train_rmse,train_smape,train_time_s,val_mae,val_mse,val_r2,val_rmse,val_smape
None,0.2960372445988469,0,2.155054949790508,0,geo_sparse,0.11094290018081665,0.11665229499340057,0.11046896874904633,,,1305,1433,12447.027123385968,5.126207969806813,0.2698516845703125,0.11094290018081665,0.5845568172002499,0.33308092137019296,0.9717698097229004,0.2737596035003662,0.11665229499340057,0.5905191865716668,0.34154398690856874,0.9515878558158875,2.961349696968682,0.2637414038181305,0.11046896874904633,0.5844400722290543,0.3323687240837295,0.9516730308532715
None,0.15499584038043396,0,1.2838467424668099,0,dense_resrelu,0.14215083420276642,0.14226999878883362,0.13820821046829224,64,0.044661549197487785,1369,1369,23772.267154927697,4.475800858603583,0.3053595721721649,0.14215083420276642,0.4676937875016154,0.37702895671654507,1.0614994764328003,0.30270999670028687,0.14226999878883362,0.5005941565499628,0.377186954690686,1.036043405532837,1.55054626299534,0.29707130789756775,0.13820821046829224,0.4800911599208829,0.37176364866443334,1.014927864074707
None,0.29754235669970514,0,1.5072411585039633,0,dense_respsann,0.19799824059009552,0.21195310354232788,0.19600388407707214,128,0.08932309839497557,1561,1561,12385.301415282138,7.862440250538014,0.3528224527835846,0.19799824059009552,0.25856436846850006,0.44496993223148856,1.2289855480194092,0.36789244413375854,0.21195310354232788,0.2559877750923901,0.4603836482134524,1.2679096460342407,2.976108434027992,0.3504330515861511,0.19600388407707214,0.2626765546214722,0.44272325901975396,1.2133657932281494
