compile_time_s,epoch_time_s_mean,grad_nonfinite_steps,grad_norm_max,loss_nonfinite_steps,model,mse_test,mse_train,mse_val,param_mismatch,param_mismatch_ratio,params_analytic,params_empirical,samples_per_sec,step_time_ms_mean,test_mae,test_mse,test_r2,test_rmse,test_smape,train_mae,train_mse,train_r2,train_rmse,train_smape,train_time_s,val_mae,val_mse,val_r2,val_rmse,val_smape
None,0.1728202269063331,0,3.2890073377577287,0,geo_sparse,0.12417002022266388,0.12632763385772705,0.13968971371650696,,,1173,1237,21323.034658695316,2.8926352483254893,0.28419995307922363,0.12417002022266388,0.560037319886826,0.3523776670316436,0.9800386428833008,0.28682848811149597,0.12632763385772705,0.5553174700043098,0.3554259892828985,0.9899100661277771,1.7286470049875788,0.3040165305137634,0.13968971371650696,0.5712365139995326,0.3737508711916361,0.975265383720398
None,0.0973584366030991,0,1.8577884958851314,0,dense_resrelu,0.12359505146741867,0.12146235257387161,0.13452045619487762,66,0.05335489086499596,1303,1303,37846.51517504088,2.918925020429823,0.2846917510032654,0.12359505146741867,0.5620745652225794,0.35156087874992387,0.969412088394165,0.2832227647304535,0.12146235257387161,0.57244362973877,0.3485144940657011,0.965495228767395,0.9739337909850292,0.29549890756607056,0.13452045619487762,0.587103005022345,0.3667703044071011,0.9546077251434326
None,0.1519369420944713,0,2.1888868824532994,0,dense_respsann,0.19254674017429352,0.19514982402324677,0.2182469218969345,12,0.009700889248181084,1225,1225,24254.304277052473,4.929922412942957,0.35508936643600464,0.19254674017429352,0.31776301797948003,0.4388014815087724,1.22682523727417,0.3550034463405609,0.19514982402324677,0.31305832994973626,0.4417576530443437,1.2184604406356812,1.5197302540182136,0.3705345690250397,0.2182469218969345,0.3301130627348763,0.46716905066253533,1.1672340631484985
