compile_time_s,epoch_time_s_mean,grad_nonfinite_steps,grad_norm_max,loss_nonfinite_steps,model,mse_test,mse_train,mse_val,param_mismatch,param_mismatch_ratio,params_analytic,params_empirical,samples_per_sec,step_time_ms_mean,test_mae,test_mse,test_r2,test_rmse,test_smape,train_mae,train_mse,train_r2,train_rmse,train_smape,train_time_s,val_mae,val_mse,val_r2,val_rmse,val_smape
None,0.30561021880130285,0,2.433251392041124,0,geo_sparse,0.1371600180864334,0.12446341663599014,0.12524504959583282,,,4677,5125,12057.88512111442,7.041335706357603,0.29814767837524414,0.1371600180864334,0.5106194531236043,0.37035120910621233,1.055870771408081,0.2844145596027374,0.12446341663599014,0.5553714501844229,0.352793731004379,1.01863431930542,3.0569208140368573,0.28686535358428955,0.12524504959583282,0.5215432510322322,0.3538997733763513,1.0917925834655762
None,0.10487115100841038,0,1.337935503499316,0,dense_resrelu,0.21756713092327118,0.1938028186559677,0.20171645283699036,46,0.00897560975609756,5171,5171,35136.348778536994,2.948954078886244,0.3695129454135895,0.21756713092327118,0.22373062501010166,0.46644091900611717,1.2574541568756104,0.35197898745536804,0.1938028186559677,0.30766592523685354,0.4402304154144369,1.2203446626663208,1.049056071031373,0.35974758863449097,0.20171645283699036,0.22940986167310085,0.44912854823200715,1.302370548248291
None,0.27258026090567,0,1.012193245173963,0,dense_respsann,0.23619329929351807,0.214462012052536,0.21142658591270447,120,0.023414634146341463,5005,5005,13519.805042822094,11.583164321051704,0.38379162549972534,0.23619329929351807,0.15727332505918512,0.48599722148744645,1.280278205871582,0.3694085478782654,0.214462012052536,0.2338637863177273,0.4631004340880453,1.2711341381072998,2.7263706749654375,0.3691413998603821,0.21142658591270447,0.19231554191986266,0.4598114677916423,1.339877963066101
