compile_time_s,epoch_time_s_mean,grad_nonfinite_steps,grad_norm_max,loss_nonfinite_steps,model,mse_test,mse_train,mse_val,param_mismatch,param_mismatch_ratio,params_analytic,params_empirical,samples_per_sec,step_time_ms_mean,test_mae,test_mse,test_r2,test_rmse,test_smape,train_mae,train_mse,train_r2,train_rmse,train_smape,train_time_s,val_mae,val_mse,val_r2,val_rmse,val_smape
None,0.5851399125880562,0,2.3644273237663502,0,geo_sparse,0.07241472601890564,0.07139458507299423,0.06841027736663818,,,2329,2553,6297.707685698781,9.545528871041757,0.21719501912593842,0.07241472601890564,0.7288316403317898,0.26909984395927405,0.818070113658905,0.21412619948387146,0.07139458507299423,0.7493858774184473,0.2671976516981282,0.8052565455436707,5.852923292026389,0.20658360421657562,0.06841027736663818,0.7426556091477442,0.26155358412118573,0.8069795966148376
None,0.396463891788153,0,0.9453278242245522,0,dense_resrelu,0.10530354082584381,0.10013604909181595,0.09834112972021103,146,0.05718762240501371,2407,2407,9294.503263845447,15.026499571623626,0.26430657505989075,0.10530354082584381,0.6056742874986022,0.32450507057031297,0.9585122466087341,0.2569957673549652,0.10013604909181595,0.6484956307231597,0.31644280540378217,0.9228461384773254,3.965784825035371,0.2571885883808136,0.09834112972021103,0.6300623478194642,0.31359389298934226,0.9294640421867371
None,0.24982405740884134,0,0.94431317885382,0,dense_respsann,0.1748131513595581,0.18306900560855865,0.17856335639953613,118,0.046220133176654916,2671,2671,14750.860636995914,7.1558163077742964,0.33232733607292175,0.1748131513595581,0.34538459083272643,0.4181066267826403,1.1588938236236572,0.3398735523223877,0.18306900560855865,0.3573787128971845,0.42786563966806057,1.1661769151687622,2.498837248014752,0.33591583371162415,0.17856335639953613,0.3282840055596996,0.4225675761337305,1.1632192134857178
