compile_time_s,epoch_time_s_mean,grad_nonfinite_steps,grad_norm_max,loss_nonfinite_steps,model,mse_test,mse_train,mse_val,param_mismatch,param_mismatch_ratio,params_analytic,params_empirical,samples_per_sec,step_time_ms_mean,test_mae,test_mse,test_r2,test_rmse,test_smape,train_mae,train_mse,train_r2,train_rmse,train_smape,train_time_s,val_mae,val_mse,val_r2,val_rmse,val_smape
None,0.7661018901097123,0,2.430607925122033,0,geo_sparse,0.07242444157600403,0.06970961391925812,0.07660873979330063,,,2329,2841,4810.669332250808,12.979024604514793,0.22011473774909973,0.07242444157600403,0.7249369349342376,0.2691178953098512,0.8259479999542236,0.21223120391368866,0.06970961391925812,0.73904710662938,0.26402578267899923,0.815487265586853,7.662135443999432,0.21663016080856323,0.07660873979330063,0.7020742082518068,0.27678283869001097,0.8494830131530762
None,0.5034228517964948,0,1.7083519883213705,0,dense_resrelu,0.10469477623701096,0.10364458709955215,0.10509195178747177,24,0.008447729672650475,2817,2817,7320.3130338463025,12.662269662927699,0.2574569582939148,0.10469477623701096,0.6023764157310709,0.323565721665647,0.9280235171318054,0.26159143447875977,0.10364458709955215,0.6120140175315223,0.32193879402698916,0.9532599449157715,5.035303795011714,0.26426446437835693,0.10509195178747177,0.5913050658250569,0.3241788885591901,0.9898496866226196
None,0.8623066985979676,0,1.8726178774815523,0,dense_respsann,0.14239978790283203,0.15228314697742462,0.147048681974411,170,0.059838085181274196,2671,2671,4274.02978071701,20.21396622834382,0.3007224500179291,0.14239978790283203,0.45917536576153517,0.377358964253974,1.0632727146148682,0.3148389756679535,0.15228314697742462,0.4299390893811341,0.39023473317661594,1.1200886964797974,8.6241794959642,0.30603426694869995,0.147048681974411,0.42813840448937,0.38346927122575414,1.1143437623977661
