compile_time_s,epoch_time_s_mean,grad_nonfinite_steps,grad_norm_max,loss_nonfinite_steps,model,mse_test,mse_train,mse_val,param_mismatch,param_mismatch_ratio,params_analytic,params_empirical,samples_per_sec,step_time_ms_mean,test_mae,test_mse,test_r2,test_rmse,test_smape,train_mae,train_mse,train_r2,train_rmse,train_smape,train_time_s,val_mae,val_mse,val_r2,val_rmse,val_smape
None,0.3015332717797719,0,2.345762674712333,0,geo_sparse,0.12605273723602295,0.11654818803071976,0.13059483468532562,,,5193,5705,12220.861847104792,5.453307257758246,0.2850840985774994,0.12605273723602295,0.5221706342042493,0.35503906438027766,1.0188566446304321,0.27199167013168335,0.11654818803071976,0.5655254069554838,0.3413915465132664,0.9868325591087341,3.016153890057467,0.2887759506702423,0.13059483468532562,0.4800610671006885,0.36137907339153663,1.073707938194275
None,0.15832598661072553,0,1.0537278030143982,0,dense_resrelu,0.2123596966266632,0.20551945269107819,0.2229338139295578,160,0.028045574057843997,5545,5545,23272.43129540967,5.1532681606434005,0.3740586042404175,0.2123596966266632,0.19500598412472825,0.4608250173619735,1.3149770498275757,0.3620359003543854,0.20551945269107819,0.2338535703465643,0.45334253351199927,1.2897480726242065,1.583848268026486,0.3765749931335449,0.2229338139295578,0.1124307199788056,0.47215867452537374,1.328011155128479
None,0.2692184513027314,0,0.9181254232613538,0,dense_respsann,0.2142978012561798,0.2116711139678955,0.22632312774658203,224,0.0392638036809816,5929,5929,13688.457656973376,8.04902046698111,0.3755747079849243,0.2142978012561798,0.18765919161332323,0.4629231051224164,1.3177812099456787,0.3669740855693817,0.2116711139678955,0.21092105136452644,0.4600772912977726,1.3059459924697876,2.692779634031467,0.3801347017288208,0.22632312774658203,0.09893680805640026,0.475734303731171,1.3515135049819946
