compile_time_s,epoch_time_s_mean,grad_nonfinite_steps,grad_norm_max,loss_nonfinite_steps,model,mse_test,mse_train,mse_val,param_mismatch,param_mismatch_ratio,params_analytic,params_empirical,samples_per_sec,step_time_ms_mean,test_mae,test_mse,test_r2,test_rmse,test_smape,train_mae,train_mse,train_r2,train_rmse,train_smape,train_time_s,val_mae,val_mse,val_r2,val_rmse,val_smape
None,0.2869040395948105,0,2.3906285713878157,0,geo_sparse,0.09702643752098083,0.10208316147327423,0.09717933088541031,,,661,773,12844.392387894432,4.713899842015019,0.24733471870422363,0.09702643752098083,0.6315002405793463,0.3114906700384152,0.9148058295249939,0.25461626052856445,0.10208316147327423,0.6178590876703184,0.31950455626371627,0.9446470141410828,2.8697348139830865,0.2533782422542572,0.09717933088541031,0.6220766752169793,0.3117359954920354,0.9865837097167969
None,0.31709374469937757,0,1.5965134733208082,0,dense_resrelu,0.19057634472846985,0.20017099380493164,0.18714308738708496,16,0.02069857697283312,757,757,11621.816360614468,5.068085361410071,0.34300708770751953,0.19057634472846985,0.2762041050046503,0.4365505065035085,1.2277827262878418,0.3583073616027832,0.20017099380493164,0.2506744240176214,0.4474047315406171,1.271154522895813,3.171621272980701,0.3454377353191376,0.18714308738708496,0.27221415660257287,0.43260037839452353,1.292585015296936
None,0.5027204554935452,0,1.4539207452550424,0,dense_respsann,0.19786550104618073,0.21059738099575043,0.1944296807050705,80,0.1034928848641656,853,853,7331.009268617728,16.50842550065782,0.3507213294506073,0.19786550104618073,0.2485203889156702,0.44482075159122325,1.2658774852752686,0.36765363812446594,0.21059738099575043,0.21164396064999835,0.45890890272008283,1.304470419883728,5.027957086043898,0.35355105996131897,0.1944296807050705,0.24387712849016951,0.44094181101940255,1.3203784227371216
