compile_time_s,epoch_time_s_mean,grad_nonfinite_steps,grad_norm_max,loss_nonfinite_steps,model,mse_test,mse_train,mse_val,param_mismatch,param_mismatch_ratio,params_analytic,params_empirical,samples_per_sec,step_time_ms_mean,test_mae,test_mse,test_r2,test_rmse,test_smape,train_mae,train_mse,train_r2,train_rmse,train_smape,train_time_s,val_mae,val_mse,val_r2,val_rmse,val_smape
None,0.310355911887018,0,2.8577624723640085,0,geo_sparse,0.10645173490047455,0.10487374663352966,0.11957911401987076,,,2329,2457,11873.716410658959,9.83561720671477,0.26466259360313416,0.10645173490047455,0.6228172427972154,0.3262694207253793,0.9318283200263977,0.26254281401634216,0.10487374663352966,0.6308367341252757,0.3238421631497814,0.9374199509620667,3.1043355530127883,0.27987635135650635,0.11957911401987076,0.6329639740472954,0.34580213131192633,0.9219484925270081
None,0.34009912401088516,0,1.2895571756275366,0,dense_resrelu,0.11285218596458435,0.10643073171377182,0.12910227477550507,50,0.02035002035002035,2407,2407,10835.111319406693,6.051498695656106,0.2714449465274811,0.11285218596458435,0.6001389860082631,0.33593479421546135,0.9250323176383972,0.2658798396587372,0.10643073171377182,0.6253560354337515,0.32623723226169604,0.9334287643432617,3.4019032120122574,0.2922564744949341,0.12910227477550507,0.6037335970732727,0.3593080499731464,0.9596791863441467
None,0.24372103971545583,0,1.084973061764995,0,dense_respsann,0.1870042085647583,0.1855209320783615,0.21226860582828522,188,0.07651607651607652,2269,2269,15119.746350268824,7.143242641731545,0.35241883993148804,0.1870042085647583,0.33740147062022485,0.43243983230590394,1.2157868146896362,0.3461422324180603,0.1855209320783615,0.3469527633525601,0.43072140889252475,1.1890350580215454,2.4378715850180015,0.3693663775920868,0.21226860582828522,0.3484629106571817,0.460726172284889,1.1846656799316406
