compile_time_s,epoch_time_s_mean,grad_nonfinite_steps,grad_norm_max,loss_nonfinite_steps,model,mse_test,mse_train,mse_val,param_mismatch,param_mismatch_ratio,params_analytic,params_empirical,samples_per_sec,step_time_ms_mean,test_mae,test_mse,test_r2,test_rmse,test_smape,train_mae,train_mse,train_r2,train_rmse,train_smape,train_time_s,val_mae,val_mse,val_r2,val_rmse,val_smape
None,0.2537132281984668,0,2.4736942702826084,0,geo_sparse,0.1189139187335968,0.11311376094818115,0.10590919107198715,,,661,773,14524.272071152584,5.121559690546106,0.2758784890174866,0.1189139187335968,0.5547080813881727,0.34483897507908934,0.9793052673339844,0.2690267264842987,0.11311376094818115,0.602940383231556,0.3363238929189854,0.9578102827072144,2.537820816040039,0.2628531754016876,0.10590919107198715,0.601592967607246,0.3254369233384361,0.9673958420753479
None,0.08948891089530661,0,0.9483878108054341,0,dense_resrelu,0.1402408629655838,0.149440199136734,0.13826754689216614,16,0.02069857697283312,757,757,41173.425191889415,2.722474636854949,0.30171364545822144,0.1402408629655838,0.4748459759565583,0.37448746703405683,1.075338363647461,0.3100925087928772,0.149440199136734,0.4754248666896843,0.38657495927275737,1.0747915506362915,0.8952376400120556,0.29233044385910034,0.13826754689216614,0.4798679641352338,0.3718434440623717,1.0309042930603027
None,0.1282287544978317,0,1.5054164758545057,0,dense_respsann,0.20283278822898865,0.22105684876441956,0.20367874205112457,80,0.1034928848641656,853,853,28737.51886734025,3.9837831214622215,0.35661059617996216,0.20283278822898865,0.24046064254079014,0.45036961290587607,1.249922275543213,0.3745272755622864,0.22105684876441956,0.2240311969970159,0.4701668307786286,1.284628987312317,1.2826437859912403,0.35579514503479004,0.20367874205112457,0.23380544299515937,0.4513078129737226,1.22109854221344
