epoch,step,loss,ppl,lr,grad_norm,toks
1,50,5.543300,255.517000,5e-06,4.479000,32768
1,100,4.708600,110.893000,1e-05,1.845000,32768
1,150,3.828400,45.989000,1.5e-05,1.942000,32768
1,200,2.906300,18.290000,2e-05,1.622000,32768
1,250,2.258100,9.565000,2.5e-05,1.217000,32768
1,300,1.828200,6.223000,3e-05,2.067000,32768
1,350,1.628000,5.094000,3.5e-05,1.916000,32768
