compile_time_s,epoch_time_s_mean,grad_nonfinite_steps,grad_norm_max,loss_nonfinite_steps,model,mse_test,mse_train,mse_val,param_mismatch,param_mismatch_ratio,params_analytic,params_empirical,samples_per_sec,step_time_ms_mean,test_mae,test_mse,test_r2,test_rmse,test_smape,train_mae,train_mse,train_r2,train_rmse,train_smape,train_time_s,val_mae,val_mse,val_r2,val_rmse,val_smape
None,0.2458190605044365,0,2.2175932736706563,0,geo_sparse,0.11914876848459244,0.1212315708398819,0.11311983317136765,,,1173,1285,14990.923585557777,4.7232106526692705,0.27569425106048584,0.11914876848459244,0.5538286494653157,0.34517932800877926,1.0017123222351074,0.2797505855560303,0.1212315708398819,0.5744447001956496,0.34818324319226207,1.0064139366149902,2.4588211519876495,0.26708880066871643,0.11311983317136765,0.5744681171277723,0.3363329201421824,0.988100528717041
None,0.19557262060698122,0,1.4439658393993586,0,dense_resrelu,0.12440840899944305,0.1211935356259346,0.11354366689920425,18,0.014007782101167316,1303,1303,18842.250166226026,4.766917917463514,0.2879878580570221,0.12440840899944305,0.5341330962364856,0.3527157623348339,0.998664915561676,0.28100281953811646,0.1211935356259346,0.5745782139498332,0.34812861937211453,0.9780158400535583,1.9562419389840215,0.27556127309799194,0.11354366689920425,0.572873756515623,0.33696241170077745,0.9647021889686584
None,0.3774027389008552,0,1.3199705884451247,0,dense_respsann,0.17495061457157135,0.18434910476207733,0.17172014713287354,60,0.04669260700389105,1225,1225,9764.798503900734,11.800424293235496,0.3305187225341797,0.17495061457157135,0.34486983816064387,0.4182709822251256,1.15898597240448,0.34439948201179504,0.18434910476207733,0.35288522234661035,0.4293589462932819,1.1889251470565796,3.774783472006675,0.33000263571739197,0.17172014713287354,0.3540266661738649,0.4143912971249198,1.172663688659668
