compile_time_s,epoch_time_s_mean,grad_nonfinite_steps,grad_norm_max,loss_nonfinite_steps,model,mse_test,mse_train,mse_val,param_mismatch,param_mismatch_ratio,params_analytic,params_empirical,samples_per_sec,step_time_ms_mean,test_mae,test_mse,test_r2,test_rmse,test_smape,train_mae,train_mse,train_r2,train_rmse,train_smape,train_time_s,val_mae,val_mse,val_r2,val_rmse,val_smape
None,0.3856099461030681,0,3.265741775564028,0,geo_sparse,0.024635283276438713,0.01963123306632042,0.025802534073591232,,,17481,18377,9556.101470365766,10.413456563596371,0.12345284223556519,0.024635283276438713,0.9121024583513746,0.1569563100879946,0.5394213199615479,0.11117109656333923,0.01963123306632042,0.9298701021947482,0.14011150226273508,0.5000731945037842,3.85722149501089,0.12567761540412903,0.025802534073591232,0.9014300618120185,0.16063167207494053,0.6074472665786743
None,0.39426927919266747,0,2.225993552341673,0,dense_resrelu,0.13799184560775757,0.10836446285247803,0.13521990180015564,202,0.010992000870653534,18175,18175,9346.19289994258,8.495156129201254,0.3036019206047058,0.13799184560775757,0.5076515313270651,0.3714725368149812,1.049755334854126,0.2665654718875885,0.10836446285247803,0.6128827777815242,0.3291875800398278,0.9549442529678345,3.9438518329989165,0.2970641851425171,0.13521990180015564,0.4834376163378279,0.36772258810162267,1.0850353240966797
None,0.6526461596891749,0,1.8834897531672194,0,dense_respsann,0.2330012321472168,0.20671740174293518,0.20680448412895203,542,0.02949338847472384,18919,18919,5646.766713203766,8.138652465961597,0.3818461000919342,0.2330012321472168,0.16866247174724325,0.4827020117497096,1.264630913734436,0.3627249002456665,0.20671740174293518,0.2615303456799676,0.45466185428616634,1.2428139448165894,6.52762932702899,0.36646178364753723,0.20680448412895203,0.20997269630929938,0.45475761030350226,1.327130913734436
