compile_time_s,epoch_time_s_mean,grad_nonfinite_steps,grad_norm_max,loss_nonfinite_steps,model,mse_test,mse_train,mse_val,param_mismatch,param_mismatch_ratio,params_analytic,params_empirical,samples_per_sec,step_time_ms_mean,test_mae,test_mse,test_r2,test_rmse,test_smape,train_mae,train_mse,train_r2,train_rmse,train_smape,train_time_s,val_mae,val_mse,val_r2,val_rmse,val_smape
None,0.1795367313956376,0,2.706128810967798,0,geo_sparse,0.08155376464128494,0.07114531844854355,0.07722347974777222,,,8773,9029,20525.256402038212,2.938587277023881,0.2393011748790741,0.08155376464128494,0.7090199717323565,0.28557619760982345,0.9078186750411987,0.22112038731575012,0.07114531844854355,0.7458430773915725,0.26673079771286917,0.8409264087677002,1.7958362749777734,0.23426462709903717,0.07722347974777222,0.7049935527917204,0.2778911293074542,0.9041066765785217
None,0.09143744070315733,0,1.560866614943817,0,dense_resrelu,0.14677228033542633,0.12260207533836365,0.15074847638607025,34,0.0037656440358843726,8995,8995,40296.568356817814,2.996094853789718,0.3113804757595062,0.14677228033542633,0.4763233497710432,0.38310870563774235,1.065295934677124,0.28450092673301697,0.12260207533836365,0.5620208345681623,0.35014579154741193,1.012438178062439,0.9147180889849551,0.3138977885246277,0.15074847638607025,0.4241159071491113,0.38826341108333945,1.1205803155899048
None,0.1249644693103619,0,1.335301801290409,0,dense_respsann,0.2362029254436493,0.21370287239551544,0.2143886238336563,232,0.025694982833093367,8797,8797,29488.033853481833,3.761626093475907,0.38336020708084106,0.2362029254436493,0.15723897940451648,0.48600712488979964,1.2810490131378174,0.36899247765541077,0.21370287239551544,0.23657567795516332,0.46228008003321475,1.27165687084198,1.2499985649483278,0.3700580894947052,0.2143886238336563,0.18100003206010185,0.4630211915600152,1.3409450054168701
