compile_time_s,epoch_time_s_mean,grad_nonfinite_steps,grad_norm_max,loss_nonfinite_steps,model,mse_test,mse_train,mse_val,param_mismatch,param_mismatch_ratio,params_analytic,params_empirical,samples_per_sec,step_time_ms_mean,test_mae,test_mse,test_r2,test_rmse,test_smape,train_mae,train_mse,train_r2,train_rmse,train_smape,train_time_s,val_mae,val_mse,val_r2,val_rmse,val_smape
None,0.25875916811055505,0,1.474263816430991,0,geo_sparse,0.07389074563980103,0.07384710758924484,0.08968663215637207,,,4377,4505,14240.750795590679,5.579368291077791,0.22301864624023438,0.07389074563980103,0.7381882484278277,0.271828522491296,0.8173494338989258,0.2262130230665207,0.07384710758924484,0.7400527782858517,0.2717482430288094,0.8549180626869202,2.588346677017398,0.2525980472564697,0.08968663215637207,0.7247159266801141,0.2994772648405419,0.870711624622345
None,0.18920539059326985,0,2.268662505269281,0,dense_resrelu,0.13575324416160583,0.13419252634048462,0.1556810736656189,266,0.05904550499445061,4239,4239,19474.029786517756,5.351369469254105,0.2990252375602722,0.13575324416160583,0.5189953176435356,0.3684470710449546,1.0178269147872925,0.2984504699707031,0.13419252634048462,0.5276325055673432,0.3663229809068558,1.02238130569458,1.892777221975848,0.3178649842739105,0.1556810736656189,0.5221526184710714,0.3945644100341779,0.9973966479301453
None,0.3575045307050459,0,1.2560108392264202,0,dense_respsann,0.1393185257911682,0.13349658250808716,0.1584044247865677,94,0.020865704772475027,4599,4599,10308.563836229565,7.760385160092954,0.3028801381587982,0.1393185257911682,0.5063627122989629,0.3732539695584874,1.02183198928833,0.2938454747200012,0.13349658250808716,0.5300822473473007,0.36537184142745205,0.9995225667953491,3.575667821976822,0.3226941227912903,0.1584044247865677,0.51379357140752,0.39800053365110916,1.0346752405166626
