compile_time_s,epoch_time_s_mean,grad_nonfinite_steps,grad_norm_max,loss_nonfinite_steps,model,mse_test,mse_train,mse_val,param_mismatch,param_mismatch_ratio,params_analytic,params_empirical,samples_per_sec,step_time_ms_mean,test_mae,test_mse,test_r2,test_rmse,test_smape,train_mae,train_mse,train_r2,train_rmse,train_smape,train_time_s,val_mae,val_mse,val_r2,val_rmse,val_smape
None,0.2799234975944273,0,2.727334144096664,0,geo_sparse,0.17827880382537842,0.16434405744075775,0.17673665285110474,,,5193,5705,13163.936818100081,5.253634382177283,0.3382231593132019,0.17827880382537842,0.38503984207297826,0.4222307471340504,1.1798347234725952,0.32381922006607056,0.16434405744075775,0.4189144154830442,0.40539370671084396,1.1266745328903198,2.800074211030733,0.3398344814777374,0.17673665285110474,0.39855605219190393,0.4204005861688406,1.1626722812652588
None,0.37823870969587003,0,1.4427044579451385,0,dense_resrelu,0.2311510443687439,0.20822009444236755,0.2321173995733261,160,0.028045574057843997,5545,5545,9742.787832100721,7.89530067090635,0.38144615292549133,0.2311510443687439,0.20266077795074622,0.4807817013663726,1.2872138023376465,0.36580929160118103,0.20822009444236755,0.26377811964506903,0.45631140073678583,1.2535432577133179,3.7833113719825633,0.38610929250717163,0.2321173995733261,0.21009249999746704,0.4817856365369625,1.2710210084915161
None,0.663261834793957,0,1.2983818052411178,0,dense_respsann,0.23877876996994019,0.22013558447360992,0.22860345244407654,224,0.0392638036809816,5929,5929,5556.372536942991,23.346988960548682,0.3886696994304657,0.23877876996994019,0.1763494765526833,0.48864994624980795,1.3146264553070068,0.37577125430107117,0.22013558447360992,0.22164751020664342,0.46918608725495037,1.2767308950424194,6.633824452001136,0.38783547282218933,0.22860345244407654,0.22205065386793765,0.47812493392844146,1.2972311973571777
