compile_time_s,epoch_time_s_mean,grad_nonfinite_steps,grad_norm_max,loss_nonfinite_steps,model,mse_test,mse_train,mse_val,param_mismatch,param_mismatch_ratio,params_analytic,params_empirical,samples_per_sec,step_time_ms_mean,test_mae,test_mse,test_r2,test_rmse,test_smape,train_mae,train_mse,train_r2,train_rmse,train_smape,train_time_s,val_mae,val_mse,val_r2,val_rmse,val_smape
None,0.45605672778910955,0,2.707864453460846,0,geo_sparse,0.10722028464078903,0.09671974927186966,0.10600578784942627,,,9289,10185,8080.093685329245,13.054588353192365,0.2629406154155731,0.10722028464078903,0.6174430255565697,0.3274450864508262,0.9361046552658081,0.2507818639278412,0.09671974927186966,0.654481905953763,0.3109979891765695,0.9119835495948792,4.56182829500176,0.2645615041255951,0.10600578784942627,0.595040394661986,0.32558530041976136,1.0138497352600098
None,0.16100328151369467,0,0.9883760524730432,0,dense_resrelu,0.1940385103225708,0.15089251101016998,0.18313395977020264,358,0.03514972999509082,10543,10543,22885.365186471474,4.95258668616966,0.3528178632259369,0.1940385103225708,0.30767964585057705,0.4404980253333388,1.1931853294372559,0.3112768232822418,0.15089251101016998,0.46095710106266874,0.3884488525020636,1.08933424949646,1.610636304016225,0.34103620052337646,0.18313395977020264,0.3003980357607332,0.4279415377948285,1.2061244249343872
None,0.24511046459083446,0,1.3733129966566144,0,dense_respsann,0.23638713359832764,0.2130701243877411,0.2153298705816269,76,0.007461953853706431,10261,10261,15034.409126986531,7.9319075655054165,0.3833272457122803,0.23638713359832764,0.15658173330078118,0.48619659973957824,1.281726360321045,0.36796292662620544,0.2130701243877411,0.2388361101755001,0.46159519536899546,1.2687534093856812,2.451709254994057,0.3715475797653198,0.2153298705816269,0.1774043245878446,0.4640364970361996,1.343552589416504
