compile_time_s,epoch_time_s_mean,grad_nonfinite_steps,grad_norm_max,loss_nonfinite_steps,model,mse_test,mse_train,mse_val,param_mismatch,param_mismatch_ratio,params_analytic,params_empirical,samples_per_sec,step_time_ms_mean,test_mae,test_mse,test_r2,test_rmse,test_smape,train_mae,train_mse,train_r2,train_rmse,train_smape,train_time_s,val_mae,val_mse,val_r2,val_rmse,val_smape
None,0.22302521729725414,0,2.3448524103239032,0,geo_sparse,0.1257169395685196,0.1231902539730072,0.13549095392227173,,,2629,3653,16523.907887604462,4.069149635456227,0.28130006790161133,0.1257169395685196,0.523443545765054,0.3545658465906151,1.005462408065796,0.274872750043869,0.1231902539730072,0.5407647456934088,0.35098469193542786,0.9861250519752502,2.2307071820250712,0.2841070294380188,0.13549095392227173,0.46056812821572246,0.36809095876192305,1.0217193365097046
None,0.1038517191016581,0,1.1815171078529874,0,dense_resrelu,0.20960529148578644,0.20107385516166687,0.21817268431186676,10,0.002737476047084588,3643,3643,35480.84001942374,2.9215004355819136,0.3716473877429962,0.20960529148578644,0.20544713511017143,0.45782670464465747,1.3125380277633667,0.3581831455230713,0.20107385516166687,0.25042610974335144,0.44841259478483303,1.2757189273834229,1.0388705560471863,0.37218210101127625,0.21817268431186676,0.13138628052771617,0.4670895891709285,1.3368699550628662
None,0.33497982599656095,0,1.4762651417683716,0,dense_respsann,0.2136201560497284,0.21172241866588593,0.22574158012866974,160,0.04379961675335341,3493,3493,11001.369905972433,5.587885017748232,0.3755950331687927,0.2136201560497284,0.19022794804283982,0.46219060575668175,1.3276002407073975,0.3669593930244446,0.21172241866588593,0.2107298174104626,0.4601330445272171,1.3054128885269165,3.3504918310209177,0.37894749641418457,0.22574158012866974,0.10125212449100562,0.4751227000772219,1.3477680683135986
