compile_time_s,epoch_time_s_mean,grad_nonfinite_steps,grad_norm_max,loss_nonfinite_steps,model,mse_test,mse_train,mse_val,param_mismatch,param_mismatch_ratio,params_analytic,params_empirical,samples_per_sec,step_time_ms_mean,test_mae,test_mse,test_r2,test_rmse,test_smape,train_mae,train_mse,train_r2,train_rmse,train_smape,train_time_s,val_mae,val_mse,val_r2,val_rmse,val_smape
None,0.4509000925056171,0,3.4728113284047044,0,geo_sparse,0.16796530783176422,0.1526581197977066,0.16476672887802124,,,2629,3653,8173.157660564025,7.9074512057834205,0.3200933337211609,0.16796530783176422,0.4206155189842109,0.4098357083414819,1.1033281087875366,0.3075770437717438,0.1526581197977066,0.46023343488649804,0.39071488300000373,1.0596338510513306,4.509884861006867,0.3243894577026367,0.16476672887802124,0.43929032253161937,0.4059146817719473,1.0960156917572021
None,0.15466623650863767,0,1.9070012047427358,0,dense_resrelu,0.23631998896598816,0.21534325182437897,0.22795024514198303,10,0.002737476047084588,3643,3643,23825.827831403625,4.98127880802861,0.38630151748657227,0.23631998896598816,0.18483086818227568,0.4861275439285334,1.303030014038086,0.3716794550418854,0.21534325182437897,0.23859213074995322,0.4640509151207214,1.2652570009231567,1.547060620971024,0.3870695233345032,0.22795024514198303,0.22427354902312424,0.4774413525680228,1.292871356010437
None,0.19156860261573455,0,2.191470307533065,0,dense_respsann,0.2389635294675827,0.2201608568429947,0.22878685593605042,160,0.04379961675335341,3493,3493,19237.61948642754,6.804078208075629,0.3883265554904938,0.2389635294675827,0.17571216169858517,0.48883896066862625,1.3061026334762573,0.37586164474487305,0.2201608568429947,0.22155810766852468,0.46921301862053516,1.2779717445373535,1.916037481976673,0.38690438866615295,0.22878685593605042,0.22142652331928026,0.47831669000365273,1.2869884967803955
