compile_time_s,epoch_time_s_mean,grad_nonfinite_steps,grad_norm_max,loss_nonfinite_steps,model,mse_test,mse_train,mse_val,param_mismatch,param_mismatch_ratio,params_analytic,params_empirical,samples_per_sec,step_time_ms_mean,test_mae,test_mse,test_r2,test_rmse,test_smape,train_mae,train_mse,train_r2,train_rmse,train_smape,train_time_s,val_mae,val_mse,val_r2,val_rmse,val_smape
None,0.18186044538742863,0,2.3651381962101152,0,geo_sparse,0.18844926357269287,0.18405768275260925,0.19705244898796082,,,2629,2885,20263.16731954997,2.7714038601628057,0.34962648153305054,0.18844926357269287,0.2856435007118363,0.43410743321520406,1.2323076725006104,0.3419730067253113,0.18405768275260925,0.3138598567461388,0.4290194433270003,1.2170369625091553,1.8190640889806673,0.3547542989253998,0.19705244898796082,0.21547252510179515,0.44390590105106825,1.2743011713027954
None,0.18376108150696382,0,1.032266631936516,0,dense_resrelu,0.21331608295440674,0.20529839396476746,0.22160764038562775,90,0.03119584055459272,2975,2975,20052.212741566953,3.0311217837863498,0.37479567527770996,0.21331608295440674,0.19138060095208254,0.46186154089121423,1.310981035232544,0.36167171597480774,0.20529839396476746,0.2346776417754708,0.45309865809199595,1.275551438331604,1.8382011239882559,0.3752296566963196,0.22160764038562775,0.1177106371572727,0.47075220698965153,1.3299638032913208
None,0.17844270410132596,0,1.0894773449617101,0,dense_respsann,0.2133656144142151,0.21137431263923645,0.22590138018131256,52,0.01802426343154246,2833,2833,20650.82390386886,3.8405001251785844,0.3752930164337158,0.2133656144142151,0.19119284155434058,0.4619151593249729,1.3142428398132324,0.3670590817928314,0.21137431263923645,0.21202746756615354,0.4597546222054069,1.3009889125823975,1.7849166779778898,0.37916043400764465,0.22590138018131256,0.10061587920941117,0.4752908374682943,1.3396070003509521
