compile_time_s,epoch_time_s_mean,grad_nonfinite_steps,grad_norm_max,loss_nonfinite_steps,model,mse_test,mse_train,mse_val,param_mismatch,param_mismatch_ratio,params_analytic,params_empirical,samples_per_sec,step_time_ms_mean,test_mae,test_mse,test_r2,test_rmse,test_smape,train_mae,train_mse,train_r2,train_rmse,train_smape,train_time_s,val_mae,val_mse,val_r2,val_rmse,val_smape
None,0.4718736617069226,0,2.472741738456739,0,geo_sparse,0.07635673880577087,0.06547861546278,0.07716500759124756,,,17481,17993,7809.380627473511,5.556746694776747,0.23090405762195587,0.07635673880577087,0.7105537501381083,0.276327231386577,0.8487095832824707,0.21206769347190857,0.06547861546278,0.7559052896867244,0.2558878962803438,0.8333128094673157,4.719964585965499,0.23065881431102753,0.07716500759124756,0.6927819498962027,0.2777859024343164,0.9041798710823059
None,0.36285402949433776,0,1.0712731960962953,0,dense_resrelu,0.1310778558254242,0.09448099881410599,0.1326601654291153,182,0.010115044739620964,18175,18175,10155.175097900084,12.863365915086534,0.29396653175354004,0.1310778558254242,0.5031218671463306,0.3620467591698953,1.0311216115951538,0.2477423995733261,0.09448099881410599,0.6477886614191115,0.3073776159939204,0.9239056706428528,3.6296764599974267,0.29488393664360046,0.1326601654291153,0.4718383302813859,0.36422543215584946,1.065877914428711
None,0.41430416218354366,0,1.2018416591576162,0,dense_respsann,0.21394221484661102,0.2109423577785492,0.22631679475307465,164,0.009114655699438671,17829,17829,8895.449327548195,12.517137739393446,0.3763316869735718,0.21394221484661102,0.1890071165556566,0.4625388792810946,1.3198215961456299,0.365865021944046,0.2109423577785492,0.2136377710392534,0.45928461522083364,1.2969640493392944,4.143691751000006,0.3790968656539917,0.22631679475307465,0.09896199708711084,0.4757276476652105,1.3467246294021606
