compile_time_s,epoch_time_s_mean,grad_nonfinite_steps,grad_norm_max,loss_nonfinite_steps,model,mse_test,mse_train,mse_val,param_mismatch,param_mismatch_ratio,params_analytic,params_empirical,samples_per_sec,step_time_ms_mean,test_mae,test_mse,test_r2,test_rmse,test_smape,train_mae,train_mse,train_r2,train_rmse,train_smape,train_time_s,val_mae,val_mse,val_r2,val_rmse,val_smape
None,0.37151216170168483,0,3.350583824666487,0,geo_sparse,0.08079493045806885,0.0723329409956932,0.07927539199590683,,,9289,10185,9918.587752792639,9.297140156781232,0.22487202286720276,0.08079493045806885,0.7117274567032085,0.2842444906380225,0.8266147375106812,0.21615320444107056,0.0723329409956932,0.7416004413796629,0.2689478406600306,0.8145104050636292,3.716254865983501,0.22857731580734253,0.07927539199590683,0.6971549112130668,0.2815588606240387,0.9310351610183716
None,0.16260661390260794,0,1.8326679211437533,0,dense_resrelu,0.15194131433963776,0.11501755565404892,0.13974902033805847,358,0.03514972999509082,10543,10543,22659.924518107353,5.007890948542842,0.3170916438102722,0.15194131433963776,0.4578804775470865,0.38979650375502056,1.0894891023635864,0.274399071931839,0.11501755565404892,0.5891154980126203,0.33914238256822005,0.9788681864738464,1.626660317007918,0.30205562710762024,0.13974902033805847,0.4661356466462112,0.37383020254931043,1.0745240449905396
None,0.3718170846928842,0,1.894069593172911,0,dense_respsann,0.23643356561660767,0.21247072517871857,0.21496723592281342,76,0.007461953853706431,10261,10261,9911.817970652548,7.696418461976228,0.3833736777305603,0.23643356561660767,0.156416066025321,0.4862443476448931,1.2819013595581055,0.36755093932151794,0.21247072517871857,0.24097734811839266,0.46094546876904924,1.2671186923980713,3.718793071981054,0.3712038993835449,0.21496723592281342,0.17878966220239823,0.4636455930156281,1.3403578996658325
