compile_time_s,epoch_time_s_mean,grad_nonfinite_steps,grad_norm_max,loss_nonfinite_steps,model,mse_test,mse_train,mse_val,param_mismatch,param_mismatch_ratio,params_analytic,params_empirical,samples_per_sec,step_time_ms_mean,test_mae,test_mse,test_r2,test_rmse,test_smape,train_mae,train_mse,train_r2,train_rmse,train_smape,train_time_s,val_mae,val_mse,val_r2,val_rmse,val_smape
None,0.3480175094911829,0,2.92473863338251,0,geo_sparse,0.09118962287902832,0.08235394209623337,0.09484779834747314,,,5193,6089,10588.023815494233,9.58207999335395,0.24055688083171844,0.09118962287902832,0.6543265888319987,0.30197619588144414,0.8871632814407349,0.22689685225486755,0.08235394209623337,0.6929965409987573,0.2869737655191383,0.8651978373527527,3.4812917539966293,0.24225930869579315,0.09484779834747314,0.6223812390913901,0.30797369749294035,0.9587069153785706
None,0.20148280029534363,0,1.8280340415201515,0,dense_resrelu,0.19149085879325867,0.1750127375125885,0.19227883219718933,74,0.012153062900312038,6163,6163,18288.1851825114,4.472114969182898,0.3534735441207886,0.19149085879325867,0.27411369543256625,0.4375966850802902,1.2197895050048828,0.33367982506752014,0.1750127375125885,0.3475781435763292,0.4183452372294783,1.1901650428771973,2.0155088999890722,0.3506917357444763,0.19227883219718933,0.23447779694366677,0.4384961028301042,1.245756983757019
None,0.8374917063047178,0,1.5130830902679535,0,dense_respsann,0.21392673254013062,0.21114273369312286,0.22531718015670776,160,0.026276892757431433,5929,5929,4400.65919868608,29.118671346593786,0.37547314167022705,0.21392673254013062,0.18906580548894603,0.46252214275657183,1.3105385303497314,0.36708593368530273,0.21114273369312286,0.21289079812830225,0.4595027025961032,1.2988008260726929,8.376017850008793,0.3790963590145111,0.22531718015670776,0.10294178985399183,0.474675868521571,1.3380355834960938
