compile_time_s,epoch_time_s_mean,grad_nonfinite_steps,grad_norm_max,loss_nonfinite_steps,model,mse_test,mse_train,mse_val,param_mismatch,param_mismatch_ratio,params_analytic,params_empirical,samples_per_sec,step_time_ms_mean,test_mae,test_mse,test_r2,test_rmse,test_smape,train_mae,train_mse,train_r2,train_rmse,train_smape,train_time_s,val_mae,val_mse,val_r2,val_rmse,val_smape
None,0.6145379876019433,0,2.2970630011459177,0,geo_sparse,0.0715087428689003,0.07290174067020416,0.07301082462072372,,,4377,4889,5996.844844199478,8.749410452666107,0.21537679433822632,0.0715087428689003,0.7322242370891101,0.26741118688061705,0.8067593574523926,0.21675637364387512,0.07290174067020416,0.7440953440493088,0.2700032234440992,0.8129282593727112,6.146565561997704,0.21713478863239288,0.07301082462072372,0.7253493782298114,0.2702051528389563,0.817766010761261
None,0.18290036548860372,0,1.4149361561485163,0,dense_resrelu,0.11169137060642242,0.10175217688083649,0.10669948160648346,112,0.022908570259766822,4777,4777,20146.568791490303,5.081986321343316,0.2676630914211273,0.11169137060642242,0.5817540516754767,0.3342025891677418,0.9630255699157715,0.25812867283821106,0.10175217688083649,0.6428225749263843,0.3189861703598394,0.9240866899490356,1.8295919459778816,0.2674093544483185,0.10669948160648346,0.5986200571426011,0.3266488659194816,0.9748315811157227
None,0.28639403990237045,0,1.4065079180302593,0,dense_respsann,0.14363257586956024,0.14076527953147888,0.1316589117050171,272,0.05563509920229086,5161,5161,12867.702654373303,9.416923275700322,0.304676353931427,0.14363257586956024,0.4621451721946732,0.3789888862085012,1.0619062185287476,0.30191734433174133,0.14076527953147888,0.5058761164411987,0.3751869927535853,1.0347883701324463,2.8645361950038932,0.2922016680240631,0.1316589117050171,0.5047282016432697,0.362848331545037,1.060200810432434
