compile_time_s,epoch_time_s_mean,grad_nonfinite_steps,grad_norm_max,loss_nonfinite_steps,model,mse_test,mse_train,mse_val,param_mismatch,param_mismatch_ratio,params_analytic,params_empirical,samples_per_sec,step_time_ms_mean,test_mae,test_mse,test_r2,test_rmse,test_smape,train_mae,train_mse,train_r2,train_rmse,train_smape,train_time_s,val_mae,val_mse,val_r2,val_rmse,val_smape
None,0.4176001251093112,0,2.7799758468878952,0,geo_sparse,0.09676073491573334,0.09908772259950638,0.11028008908033371,,,2329,2553,8824.030165895976,9.320445661191586,0.2528420388698578,0.09676073491573334,0.6571546643311554,0.311063875941475,0.8897305727005005,0.25599417090415955,0.09908772259950638,0.6512039776879603,0.3147820239459464,0.9166509509086609,4.177229599968996,0.2740234434604645,0.11028008908033371,0.6615063859380736,0.3320844607631223,0.8977702260017395
None,0.24158211849280634,0,2.090012722820453,0,dense_resrelu,0.10839640349149704,0.10394051671028137,0.12098567187786102,146,0.05718762240501371,2407,2407,15252.330342732399,11.780229974676061,0.26613008975982666,0.10839640349149704,0.6159268387874237,0.3292360908094631,0.9041344523429871,0.26260995864868164,0.10394051671028137,0.634121766828718,0.32239807181539,0.9163652062416077,2.416679889021907,0.2819371223449707,0.12098567187786102,0.6286466718710982,0.3478299467812699,0.9307876825332642
None,0.25041733049438336,0,1.4468487365466445,0,dense_respsann,0.1513940840959549,0.1464257389307022,0.16681602597236633,118,0.046220133176654916,2671,2671,14715.832007949757,7.986851550914623,0.3132728338241577,0.1513940840959549,0.46357625719402007,0.389093927086963,1.0201393365859985,0.30970245599746704,0.1464257389307022,0.4845706806911374,0.3826561628024593,1.0280609130859375,2.504785321012605,0.33099615573883057,0.16681602597236633,0.4879750328932413,0.40843117654308214,1.0200705528259277
