compile_time_s,epoch_time_s_mean,grad_nonfinite_steps,grad_norm_max,loss_nonfinite_steps,model,mse_test,mse_train,mse_val,param_mismatch,param_mismatch_ratio,params_analytic,params_empirical,samples_per_sec,step_time_ms_mean,test_mae,test_mse,test_r2,test_rmse,test_smape,train_mae,train_mse,train_r2,train_rmse,train_smape,train_time_s,val_mae,val_mse,val_r2,val_rmse,val_smape
None,0.3873612742056139,0,3.5886818239811507,0,geo_sparse,0.09108057618141174,0.08199981600046158,0.08730701357126236,,,8773,9029,9513.525236713469,4.509168571896023,0.25078630447387695,0.09108057618141174,0.6750287525232892,0.3017955867493952,0.921451210975647,0.2358708530664444,0.08199981600046158,0.7070668719529298,0.2863560999882167,0.8768590688705444,3.8744838619604707,0.25180262327194214,0.08730701357126236,0.6664727895395067,0.2954776024866561,0.9435803890228271
None,0.34010006179451013,0,2.2150609189424353,0,dense_resrelu,0.13422150909900665,0.10776010900735855,0.13243794441223145,34,0.0037656440358843726,8995,8995,10835.59567348645,10.273411609508374,0.29606151580810547,0.13422150909900665,0.5211039161276987,0.3663625377942,1.0136661529541016,0.2664584219455719,0.10776010900735855,0.6150417321939425,0.3282683490794666,0.9568348526954651,3.40175114601152,0.2909913957118988,0.13243794441223145,0.4940651846558789,0.3639202445759667,1.0423157215118408
None,0.39777876739390194,0,2.0990473951051882,0,dense_respsann,0.23654675483703613,0.2131955474615097,0.21400660276412964,232,0.025694982833093367,8797,8797,9265.145389652174,10.705093878286856,0.3840079605579376,0.23654675483703613,0.1560122121664006,0.48636072501491745,1.28115713596344,0.3683585524559021,0.2131955474615097,0.23838802250719215,0.4617310336781682,1.2658917903900146,3.9783509540138766,0.3701646625995636,0.21400660276412964,0.18245944201632025,0.4626084767534309,1.3422123193740845
